<?xml version="1.0" encoding="UTF-8"?>
<objects serializationModel="Studio.02.02.00">
	<object class="Event" id="{157e64dc-e28b-4c7c-b76a-30b4c8a64f6a}">
		<property name="name">
			<value>Som tipo confuso atenção! nao sei decidam vocês onde usar</value>
		</property>
		<property name="outputFormat">
			<value>1</value>
		</property>
		<relationship name="folder">
			<destination>{c32ad780-8d43-41ea-aadd-32a27faf752d}</destination>
		</relationship>
		<relationship name="mixer">
			<destination>{35ed645b-f23d-4e80-93a8-34a3e83867be}</destination>
		</relationship>
		<relationship name="masterTrack">
			<destination>{a40fc350-4f03-460a-8af0-521238979272}</destination>
		</relationship>
		<relationship name="mixerInput">
			<destination>{660697d7-0801-419a-a783-802f433ff73a}</destination>
		</relationship>
		<relationship name="automatableProperties">
			<destination>{24b9b666-27f9-420f-b4ec-91492d0b01e9}</destination>
		</relationship>
		<relationship name="markerTracks">
			<destination>{0567c6c2-f3ad-4f91-b177-685e8f4cc7fe}</destination>
		</relationship>
		<relationship name="timeline">
			<destination>{92a3ad12-c5a6-4f7d-a38a-e32e72d4a740}</destination>
		</relationship>
		<relationship name="parameters">
			<destination>{94d9660e-77d9-423d-8eef-9ab8ecbbba97}</destination>
		</relationship>
		<relationship name="banks">
			<destination>{f7d8b549-b88c-404e-8293-a84c1f66cf78}</destination>
		</relationship>
	</object>
	<object class="EventMixer" id="{35ed645b-f23d-4e80-93a8-34a3e83867be}">
		<relationship name="masterBus">
			<destination>{c4f13020-15b2-4a9d-b9bc-eaa97efa545f}</destination>
		</relationship>
	</object>
	<object class="MasterTrack" id="{a40fc350-4f03-460a-8af0-521238979272}">
		<relationship name="modules">
			<destination>{2ccadb59-5a54-4c58-aca4-5758b5e8891a}</destination>
		</relationship>
		<relationship name="mixerGroup">
			<destination>{c4f13020-15b2-4a9d-b9bc-eaa97efa545f}</destination>
		</relationship>
	</object>
	<object class="MixerInput" id="{660697d7-0801-419a-a783-802f433ff73a}">
		<relationship name="effectChain">
			<destination>{025fe23e-2072-4403-a43c-7d27dfb433e3}</destination>
		</relationship>
		<relationship name="panner">
			<destination>{81fdff74-2cdd-4865-8ee3-a4489846d335}</destination>
		</relationship>
		<relationship name="output">
			<destination>{1be980f5-8cdb-4b57-b7c7-fb3a902639a7}</destination>
		</relationship>
	</object>
	<object class="EventAutomatableProperties" id="{24b9b666-27f9-420f-b4ec-91492d0b01e9}" />
	<object class="MarkerTrack" id="{0567c6c2-f3ad-4f91-b177-685e8f4cc7fe}" />
	<object class="Timeline" id="{92a3ad12-c5a6-4f7d-a38a-e32e72d4a740}">
		<property name="isProxyEnabled">
			<value>false</value>
		</property>
	</object>
	<object class="ActionSheet" id="{94d9660e-77d9-423d-8eef-9ab8ecbbba97}">
		<relationship name="modules">
			<destination>{2ccadb59-5a54-4c58-aca4-5758b5e8891a}</destination>
		</relationship>
	</object>
	<object class="EventMixerMaster" id="{c4f13020-15b2-4a9d-b9bc-eaa97efa545f}">
		<relationship name="effectChain">
			<destination>{036e8678-a018-4148-b16e-eaa302b5f91f}</destination>
		</relationship>
		<relationship name="panner">
			<destination>{a91cba36-ca79-4712-965e-311348a2fb32}</destination>
		</relationship>
		<relationship name="mixer">
			<destination>{35ed645b-f23d-4e80-93a8-34a3e83867be}</destination>
		</relationship>
	</object>
	<object class="MultiSound" id="{2ccadb59-5a54-4c58-aca4-5758b5e8891a}">
		<relationship name="sounds">
			<destination>{7ab9e209-0129-40e1-827b-1095d613e37f}</destination>
		</relationship>
	</object>
	<object class="MixerBusEffectChain" id="{025fe23e-2072-4403-a43c-7d27dfb433e3}">
		<relationship name="effects">
			<destination>{7c5ab3ff-40bb-4ca0-b23c-337d66f76874}</destination>
		</relationship>
	</object>
	<object class="MixerBusPanner" id="{81fdff74-2cdd-4865-8ee3-a4489846d335}" />
	<object class="MixerBusEffectChain" id="{036e8678-a018-4148-b16e-eaa302b5f91f}">
		<relationship name="effects">
			<destination>{bf15bed3-3fff-4706-80b7-a455d12ec84d}</destination>
		</relationship>
	</object>
	<object class="MixerBusPanner" id="{a91cba36-ca79-4712-965e-311348a2fb32}" />
	<object class="SingleSound" id="{7ab9e209-0129-40e1-827b-1095d613e37f}">
		<relationship name="audioFile">
			<destination>{d80888b7-f49d-42ee-a37f-c02dd00ab456}</destination>
		</relationship>
	</object>
	<object class="MixerBusFader" id="{7c5ab3ff-40bb-4ca0-b23c-337d66f76874}" />
	<object class="MixerBusFader" id="{bf15bed3-3fff-4706-80b7-a455d12ec84d}" />
</objects>
