<?xml version="1.0" encoding="UTF-8"?>
<objects serializationModel="Studio.02.02.00">
	<object class="Event" id="{335635ad-917e-4621-9832-7d0c67f164d4}">
		<property name="name">
			<value>Dano Machado Pequeno</value>
		</property>
		<property name="outputFormat">
			<value>1</value>
		</property>
		<relationship name="folder">
			<destination>{c72f6d2e-e3de-4eb6-8f02-94c25c1d0706}</destination>
		</relationship>
		<relationship name="mixer">
			<destination>{b3ae5657-4c2f-47ba-b5ef-d07be5dd7d3a}</destination>
		</relationship>
		<relationship name="masterTrack">
			<destination>{84383060-53bc-43f7-9352-a64f44370a32}</destination>
		</relationship>
		<relationship name="mixerInput">
			<destination>{ca551a46-a4a9-4f82-bd5b-ddf0995ce25d}</destination>
		</relationship>
		<relationship name="automatableProperties">
			<destination>{189e64d1-8fd7-4566-8895-65b5657bf332}</destination>
		</relationship>
		<relationship name="markerTracks">
			<destination>{3dadef1c-2b8c-407a-841f-689ea1c399d5}</destination>
		</relationship>
		<relationship name="groupTracks">
			<destination>{8b879a44-32a4-4d5f-8ae7-edbdbc1c8e87}</destination>
		</relationship>
		<relationship name="timeline">
			<destination>{ca1af5df-6d2b-44d8-86c9-b649fa25f7ff}</destination>
		</relationship>
		<relationship name="banks">
			<destination>{005a845d-168f-4374-9392-5e17349d6b33}</destination>
		</relationship>
	</object>
	<object class="EventMixer" id="{b3ae5657-4c2f-47ba-b5ef-d07be5dd7d3a}">
		<relationship name="masterBus">
			<destination>{8d5cdcc8-c231-4527-bd2a-fcd1fafdafc5}</destination>
		</relationship>
	</object>
	<object class="MasterTrack" id="{84383060-53bc-43f7-9352-a64f44370a32}">
		<relationship name="mixerGroup">
			<destination>{8d5cdcc8-c231-4527-bd2a-fcd1fafdafc5}</destination>
		</relationship>
	</object>
	<object class="MixerInput" id="{ca551a46-a4a9-4f82-bd5b-ddf0995ce25d}">
		<relationship name="effectChain">
			<destination>{91380aa9-35ef-4d18-a109-cc92633822ec}</destination>
		</relationship>
		<relationship name="panner">
			<destination>{7530dddb-5c49-4d3e-9223-ce40b745a1ed}</destination>
		</relationship>
		<relationship name="output">
			<destination>{1be980f5-8cdb-4b57-b7c7-fb3a902639a7}</destination>
		</relationship>
	</object>
	<object class="EventAutomatableProperties" id="{189e64d1-8fd7-4566-8895-65b5657bf332}" />
	<object class="MarkerTrack" id="{3dadef1c-2b8c-407a-841f-689ea1c399d5}" />
	<object class="GroupTrack" id="{8b879a44-32a4-4d5f-8ae7-edbdbc1c8e87}">
		<relationship name="modules">
			<destination>{251bedd9-9b81-44fc-92a2-a7255a71d048}</destination>
		</relationship>
		<relationship name="mixerGroup">
			<destination>{7279e023-2b05-44a1-a13c-2f9d61ea7880}</destination>
		</relationship>
	</object>
	<object class="Timeline" id="{ca1af5df-6d2b-44d8-86c9-b649fa25f7ff}">
		<relationship name="modules">
			<destination>{251bedd9-9b81-44fc-92a2-a7255a71d048}</destination>
		</relationship>
	</object>
	<object class="EventMixerMaster" id="{8d5cdcc8-c231-4527-bd2a-fcd1fafdafc5}">
		<relationship name="effectChain">
			<destination>{212b8620-b033-4523-a232-68cfaf2dcb57}</destination>
		</relationship>
		<relationship name="panner">
			<destination>{ac3edff4-b28a-45ec-903d-99105aee78fc}</destination>
		</relationship>
		<relationship name="mixer">
			<destination>{b3ae5657-4c2f-47ba-b5ef-d07be5dd7d3a}</destination>
		</relationship>
	</object>
	<object class="MixerBusEffectChain" id="{91380aa9-35ef-4d18-a109-cc92633822ec}">
		<relationship name="effects">
			<destination>{3aef7471-bddd-42a7-b1c1-baecd9c19462}</destination>
		</relationship>
	</object>
	<object class="MixerBusPanner" id="{7530dddb-5c49-4d3e-9223-ce40b745a1ed}" />
	<object class="MultiSound" id="{251bedd9-9b81-44fc-92a2-a7255a71d048}">
		<property name="length">
			<value>2</value>
		</property>
		<property name="volume">
			<value>-8.5</value>
		</property>
		<property name="looping">
			<value>true</value>
		</property>
		<property name="playlistMode">
			<value>1</value>
		</property>
		<relationship name="sounds">
			<destination>{fe349585-18ab-42de-84c1-1d5fe40128c5}</destination>
			<destination>{213987bf-c054-4c3b-ab4d-a4313d30722b}</destination>
			<destination>{095b601c-6969-4699-adb6-e59f76987b87}</destination>
		</relationship>
	</object>
	<object class="EventMixerGroup" id="{7279e023-2b05-44a1-a13c-2f9d61ea7880}">
		<property name="name">
			<value>Audio 1</value>
		</property>
		<relationship name="effectChain">
			<destination>{7b45b1ce-3338-45a4-b480-5c5be16b698d}</destination>
		</relationship>
		<relationship name="panner">
			<destination>{4ab88051-ce92-4b07-be16-91dc6a27d222}</destination>
		</relationship>
		<relationship name="output">
			<destination>{8d5cdcc8-c231-4527-bd2a-fcd1fafdafc5}</destination>
		</relationship>
	</object>
	<object class="MixerBusEffectChain" id="{212b8620-b033-4523-a232-68cfaf2dcb57}">
		<relationship name="effects">
			<destination>{aa5cac62-a46f-4e39-b7e4-73fd6dbaed14}</destination>
		</relationship>
	</object>
	<object class="MixerBusPanner" id="{ac3edff4-b28a-45ec-903d-99105aee78fc}" />
	<object class="MixerBusFader" id="{3aef7471-bddd-42a7-b1c1-baecd9c19462}" />
	<object class="SingleSound" id="{fe349585-18ab-42de-84c1-1d5fe40128c5}">
		<relationship name="audioFile">
			<destination>{8b5198b6-5b17-41ad-8573-a11d707b348a}</destination>
		</relationship>
	</object>
	<object class="SingleSound" id="{213987bf-c054-4c3b-ab4d-a4313d30722b}">
		<relationship name="audioFile">
			<destination>{87d12fb0-bee1-4495-8551-f12340813423}</destination>
		</relationship>
	</object>
	<object class="SingleSound" id="{095b601c-6969-4699-adb6-e59f76987b87}">
		<relationship name="audioFile">
			<destination>{321f268f-38c5-4d05-ba3f-e4fe99b9f778}</destination>
		</relationship>
	</object>
	<object class="MixerBusEffectChain" id="{7b45b1ce-3338-45a4-b480-5c5be16b698d}">
		<relationship name="effects">
			<destination>{f181579e-b237-4a04-8bd7-43270d07bd91}</destination>
		</relationship>
	</object>
	<object class="MixerBusPanner" id="{4ab88051-ce92-4b07-be16-91dc6a27d222}" />
	<object class="MixerBusFader" id="{aa5cac62-a46f-4e39-b7e4-73fd6dbaed14}" />
	<object class="MixerBusFader" id="{f181579e-b237-4a04-8bd7-43270d07bd91}" />
</objects>
