<?xml version="1.0" encoding="UTF-8"?>
<objects serializationModel="Studio.02.02.00">
	<object class="Event" id="{379de729-427a-4222-9aa8-942c4e085b1f}">
		<property name="name">
			<value>Sons de falar</value>
		</property>
		<property name="outputFormat">
			<value>0</value>
		</property>
		<relationship name="folder">
			<destination>{52db3500-f462-4870-8008-211a608dea9d}</destination>
		</relationship>
		<relationship name="mixer">
			<destination>{2b491f80-d7d0-4dfe-b4a9-f2d0f385b10f}</destination>
		</relationship>
		<relationship name="masterTrack">
			<destination>{d3bb53ad-2626-47a5-a32b-fab0a839e826}</destination>
		</relationship>
		<relationship name="mixerInput">
			<destination>{560e075c-d547-4855-89b6-c54bb39e8173}</destination>
		</relationship>
		<relationship name="automatableProperties">
			<destination>{b77c55d1-d154-4c82-a70d-b6e97152f8fa}</destination>
		</relationship>
		<relationship name="markerTracks">
			<destination>{e8a70555-b232-4cb7-bd24-00fe22ab4747}</destination>
		</relationship>
		<relationship name="groupTracks">
			<destination>{60cf32d4-f16c-4bc4-ac13-9d61bb1d8663}</destination>
		</relationship>
		<relationship name="timeline">
			<destination>{a254c5d3-2433-40d3-a91d-85ff79cbf148}</destination>
		</relationship>
		<relationship name="banks">
			<destination>{a37e26a0-eb25-4d38-a595-10e1765176b1}</destination>
		</relationship>
	</object>
	<object class="EventMixer" id="{2b491f80-d7d0-4dfe-b4a9-f2d0f385b10f}">
		<relationship name="masterBus">
			<destination>{562b0fe2-8c03-460e-a979-ceee0317dcb1}</destination>
		</relationship>
	</object>
	<object class="MasterTrack" id="{d3bb53ad-2626-47a5-a32b-fab0a839e826}">
		<relationship name="mixerGroup">
			<destination>{562b0fe2-8c03-460e-a979-ceee0317dcb1}</destination>
		</relationship>
	</object>
	<object class="MixerInput" id="{560e075c-d547-4855-89b6-c54bb39e8173}">
		<relationship name="effectChain">
			<destination>{e2ae84d2-1c5b-4cde-a893-c7e56ceada60}</destination>
		</relationship>
		<relationship name="panner">
			<destination>{c47e17d0-ae65-42f7-ba94-ad725e987d68}</destination>
		</relationship>
		<relationship name="output">
			<destination>{1be980f5-8cdb-4b57-b7c7-fb3a902639a7}</destination>
		</relationship>
	</object>
	<object class="EventAutomatableProperties" id="{b77c55d1-d154-4c82-a70d-b6e97152f8fa}" />
	<object class="MarkerTrack" id="{e8a70555-b232-4cb7-bd24-00fe22ab4747}" />
	<object class="GroupTrack" id="{60cf32d4-f16c-4bc4-ac13-9d61bb1d8663}">
		<relationship name="modules">
			<destination>{c28bb7a0-282c-4179-9323-93938c73de48}</destination>
		</relationship>
		<relationship name="mixerGroup">
			<destination>{733be9cf-2238-4a6b-84a0-973e7dacabae}</destination>
		</relationship>
	</object>
	<object class="Timeline" id="{a254c5d3-2433-40d3-a91d-85ff79cbf148}">
		<relationship name="modules">
			<destination>{c28bb7a0-282c-4179-9323-93938c73de48}</destination>
		</relationship>
		<relationship name="markers">
			<destination>{0cc3e169-9d2e-4603-afdf-1f34c9a00dee}</destination>
		</relationship>
	</object>
	<object class="EventMixerMaster" id="{562b0fe2-8c03-460e-a979-ceee0317dcb1}">
		<relationship name="effectChain">
			<destination>{d4000fdd-e83f-4248-8b18-8b3d631adc3e}</destination>
		</relationship>
		<relationship name="panner">
			<destination>{e351099e-ca1d-4688-9d18-1ad83c4b512b}</destination>
		</relationship>
		<relationship name="mixer">
			<destination>{2b491f80-d7d0-4dfe-b4a9-f2d0f385b10f}</destination>
		</relationship>
	</object>
	<object class="MixerBusEffectChain" id="{e2ae84d2-1c5b-4cde-a893-c7e56ceada60}">
		<relationship name="effects">
			<destination>{395727e2-bfe4-447c-ac88-895b8797fa01}</destination>
		</relationship>
	</object>
	<object class="MixerBusPanner" id="{c47e17d0-ae65-42f7-ba94-ad725e987d68}" />
	<object class="MultiSound" id="{c28bb7a0-282c-4179-9323-93938c73de48}">
		<property name="length">
			<value>0.854172335600907</value>
		</property>
		<property name="playlistMode">
			<value>1</value>
		</property>
		<relationship name="sounds">
			<destination>{9b4bd1ef-93ae-4289-9245-3166f0def9b7}</destination>
			<destination>{64762e88-90d5-4181-b8d5-cabbb0da84ca}</destination>
			<destination>{37810ab0-c9d5-488b-82ff-f9435ba7df88}</destination>
			<destination>{0f3edb59-1207-4bfa-9b42-5f51876d073c}</destination>
			<destination>{63a7f82a-2e08-4b55-8ada-218ea879e489}</destination>
		</relationship>
	</object>
	<object class="EventMixerGroup" id="{733be9cf-2238-4a6b-84a0-973e7dacabae}">
		<property name="volume">
			<value>-3</value>
		</property>
		<property name="name">
			<value>Audio 1</value>
		</property>
		<relationship name="effectChain">
			<destination>{9179589d-6770-4415-967e-7eda2631b77d}</destination>
		</relationship>
		<relationship name="panner">
			<destination>{d5666fe3-e4ff-4806-93e3-46e55eee8fb8}</destination>
		</relationship>
		<relationship name="output">
			<destination>{562b0fe2-8c03-460e-a979-ceee0317dcb1}</destination>
		</relationship>
	</object>
	<object class="LoopRegion" id="{0cc3e169-9d2e-4603-afdf-1f34c9a00dee}">
		<property name="position">
			<value>0</value>
		</property>
		<property name="length">
			<value>0.854172335600907</value>
		</property>
		<relationship name="timeline">
			<destination>{a254c5d3-2433-40d3-a91d-85ff79cbf148}</destination>
		</relationship>
		<relationship name="markerTrack">
			<destination>{e8a70555-b232-4cb7-bd24-00fe22ab4747}</destination>
		</relationship>
	</object>
	<object class="MixerBusEffectChain" id="{d4000fdd-e83f-4248-8b18-8b3d631adc3e}">
		<relationship name="effects">
			<destination>{971e2f72-ebd9-4562-ae6f-c3bf7493c22b}</destination>
		</relationship>
	</object>
	<object class="MixerBusPanner" id="{e351099e-ca1d-4688-9d18-1ad83c4b512b}" />
	<object class="MixerBusFader" id="{395727e2-bfe4-447c-ac88-895b8797fa01}" />
	<object class="SingleSound" id="{9b4bd1ef-93ae-4289-9245-3166f0def9b7}">
		<relationship name="audioFile">
			<destination>{89d2c5d9-20c4-4323-89a9-fce250f0c0ec}</destination>
		</relationship>
	</object>
	<object class="SingleSound" id="{64762e88-90d5-4181-b8d5-cabbb0da84ca}">
		<relationship name="audioFile">
			<destination>{6edcd8f2-ee18-4507-8a6d-6ac8722a3b28}</destination>
		</relationship>
	</object>
	<object class="SingleSound" id="{37810ab0-c9d5-488b-82ff-f9435ba7df88}">
		<relationship name="audioFile">
			<destination>{c8d7ca23-193f-442e-b46f-6843113a6a50}</destination>
		</relationship>
	</object>
	<object class="SingleSound" id="{0f3edb59-1207-4bfa-9b42-5f51876d073c}">
		<relationship name="audioFile">
			<destination>{32041be3-3906-4ffb-a559-32bd0c22aa22}</destination>
		</relationship>
	</object>
	<object class="SingleSound" id="{63a7f82a-2e08-4b55-8ada-218ea879e489}">
		<relationship name="audioFile">
			<destination>{cff2b68b-8731-4cb6-ae19-3d33f07b1df3}</destination>
		</relationship>
	</object>
	<object class="MixerBusEffectChain" id="{9179589d-6770-4415-967e-7eda2631b77d}">
		<relationship name="effects">
			<destination>{3a2b9075-25b3-4c50-b719-f66ae477b54a}</destination>
		</relationship>
	</object>
	<object class="MixerBusPanner" id="{d5666fe3-e4ff-4806-93e3-46e55eee8fb8}" />
	<object class="MixerBusFader" id="{971e2f72-ebd9-4562-ae6f-c3bf7493c22b}" />
	<object class="MixerBusFader" id="{3a2b9075-25b3-4c50-b719-f66ae477b54a}" />
</objects>
