<?xml version="1.0" encoding="UTF-8"?>
<objects serializationModel="Studio.02.02.00">
	<object class="Event" id="{3da28952-b6e7-4cec-94db-a12c1283d078}">
		<property name="name">
			<value>Dano do npc</value>
		</property>
		<property name="outputFormat">
			<value>0</value>
		</property>
		<relationship name="folder">
			<destination>{c72f6d2e-e3de-4eb6-8f02-94c25c1d0706}</destination>
		</relationship>
		<relationship name="mixer">
			<destination>{bdfc09cb-b09d-4228-bef5-390d21a1e57f}</destination>
		</relationship>
		<relationship name="masterTrack">
			<destination>{5bef4515-e7bf-4d4f-9b9e-51400c692492}</destination>
		</relationship>
		<relationship name="mixerInput">
			<destination>{a7ba2e41-7abd-486e-b294-861a30321334}</destination>
		</relationship>
		<relationship name="automatableProperties">
			<destination>{ab2664a4-8409-451e-bb8a-7e837169d8ae}</destination>
		</relationship>
		<relationship name="markerTracks">
			<destination>{06d1e126-c5d4-4430-9158-213fae69d95c}</destination>
		</relationship>
		<relationship name="groupTracks">
			<destination>{52d76cce-e55c-47e7-a593-b7eac6cd44ac}</destination>
		</relationship>
		<relationship name="timeline">
			<destination>{edd0d731-a0f7-421c-8165-daf27e183972}</destination>
		</relationship>
		<relationship name="banks">
			<destination>{005a845d-168f-4374-9392-5e17349d6b33}</destination>
		</relationship>
	</object>
	<object class="EventMixer" id="{bdfc09cb-b09d-4228-bef5-390d21a1e57f}">
		<relationship name="masterBus">
			<destination>{9cb2930f-3f86-4183-90ee-d13ee51b6459}</destination>
		</relationship>
	</object>
	<object class="MasterTrack" id="{5bef4515-e7bf-4d4f-9b9e-51400c692492}">
		<relationship name="mixerGroup">
			<destination>{9cb2930f-3f86-4183-90ee-d13ee51b6459}</destination>
		</relationship>
	</object>
	<object class="MixerInput" id="{a7ba2e41-7abd-486e-b294-861a30321334}">
		<relationship name="effectChain">
			<destination>{0bc863c1-af3b-4f4f-bca5-b6ed9f5bbcc9}</destination>
		</relationship>
		<relationship name="panner">
			<destination>{580726cb-e379-45e4-999b-c8dd2a3d0940}</destination>
		</relationship>
		<relationship name="output">
			<destination>{1be980f5-8cdb-4b57-b7c7-fb3a902639a7}</destination>
		</relationship>
	</object>
	<object class="EventAutomatableProperties" id="{ab2664a4-8409-451e-bb8a-7e837169d8ae}" />
	<object class="MarkerTrack" id="{06d1e126-c5d4-4430-9158-213fae69d95c}" />
	<object class="GroupTrack" id="{52d76cce-e55c-47e7-a593-b7eac6cd44ac}">
		<relationship name="modules">
			<destination>{b86ab831-b8b1-4bb5-a0b4-e26d35d0668f}</destination>
		</relationship>
		<relationship name="mixerGroup">
			<destination>{e1c78a0c-9bf3-45dc-a406-038bb1a9c196}</destination>
		</relationship>
	</object>
	<object class="Timeline" id="{edd0d731-a0f7-421c-8165-daf27e183972}">
		<relationship name="modules">
			<destination>{b86ab831-b8b1-4bb5-a0b4-e26d35d0668f}</destination>
		</relationship>
	</object>
	<object class="EventMixerMaster" id="{9cb2930f-3f86-4183-90ee-d13ee51b6459}">
		<relationship name="effectChain">
			<destination>{d5e16fd8-3866-4690-a2ea-9cd93e1f96c6}</destination>
		</relationship>
		<relationship name="panner">
			<destination>{b2e26ab0-39d0-42d0-9fbe-926710131555}</destination>
		</relationship>
		<relationship name="mixer">
			<destination>{bdfc09cb-b09d-4228-bef5-390d21a1e57f}</destination>
		</relationship>
	</object>
	<object class="MixerBusEffectChain" id="{0bc863c1-af3b-4f4f-bca5-b6ed9f5bbcc9}">
		<relationship name="effects">
			<destination>{50c2e914-140d-4a1a-a1b7-415e6ec71302}</destination>
		</relationship>
	</object>
	<object class="MixerBusPanner" id="{580726cb-e379-45e4-999b-c8dd2a3d0940}" />
	<object class="MultiSound" id="{b86ab831-b8b1-4bb5-a0b4-e26d35d0668f}">
		<property name="length">
			<value>1.6531065759637189</value>
		</property>
		<relationship name="sounds">
			<destination>{e22673b8-3b32-4802-91f7-1cb8451fba71}</destination>
			<destination>{5e0de0f4-8214-4f00-af98-c626759bb309}</destination>
			<destination>{72d8362d-94b6-4b49-90e0-9daf8c500b8c}</destination>
		</relationship>
	</object>
	<object class="EventMixerGroup" id="{e1c78a0c-9bf3-45dc-a406-038bb1a9c196}">
		<property name="volume">
			<value>-10</value>
		</property>
		<property name="name">
			<value>Audio 1</value>
		</property>
		<relationship name="effectChain">
			<destination>{d77448e8-3b93-43d5-a6d2-dd2e48f31528}</destination>
		</relationship>
		<relationship name="panner">
			<destination>{dd07e265-4099-4a88-a4a0-29d8ce4aea9c}</destination>
		</relationship>
		<relationship name="output">
			<destination>{9cb2930f-3f86-4183-90ee-d13ee51b6459}</destination>
		</relationship>
	</object>
	<object class="MixerBusEffectChain" id="{d5e16fd8-3866-4690-a2ea-9cd93e1f96c6}">
		<relationship name="effects">
			<destination>{7007a4a1-fb3e-4253-825a-53e04dec8738}</destination>
		</relationship>
	</object>
	<object class="MixerBusPanner" id="{b2e26ab0-39d0-42d0-9fbe-926710131555}" />
	<object class="MixerBusFader" id="{50c2e914-140d-4a1a-a1b7-415e6ec71302}" />
	<object class="SingleSound" id="{e22673b8-3b32-4802-91f7-1cb8451fba71}">
		<relationship name="audioFile">
			<destination>{81388676-ed08-4cbb-800a-e8f245b71ee4}</destination>
		</relationship>
	</object>
	<object class="SingleSound" id="{5e0de0f4-8214-4f00-af98-c626759bb309}">
		<relationship name="audioFile">
			<destination>{e25e6b6c-ceb6-4823-9d0c-ff8a145f79bb}</destination>
		</relationship>
	</object>
	<object class="SingleSound" id="{72d8362d-94b6-4b49-90e0-9daf8c500b8c}">
		<relationship name="audioFile">
			<destination>{4a5315ce-a01e-4b66-b96f-c04e84c33212}</destination>
		</relationship>
	</object>
	<object class="MixerBusEffectChain" id="{d77448e8-3b93-43d5-a6d2-dd2e48f31528}">
		<relationship name="effects">
			<destination>{26461d9c-a46c-4a14-9f92-010a98b203b4}</destination>
		</relationship>
	</object>
	<object class="MixerBusPanner" id="{dd07e265-4099-4a88-a4a0-29d8ce4aea9c}" />
	<object class="MixerBusFader" id="{7007a4a1-fb3e-4253-825a-53e04dec8738}" />
	<object class="MixerBusFader" id="{26461d9c-a46c-4a14-9f92-010a98b203b4}" />
</objects>
