<?xml version="1.0" encoding="UTF-8"?>
<objects serializationModel="Studio.02.02.00">
	<object class="Event" id="{52efd5ab-ea0e-4eaf-b3d2-e7b25d458c9e}">
		<property name="name">
			<value>Barreira Azul Aura coiso</value>
		</property>
		<property name="outputFormat">
			<value>2</value>
		</property>
		<relationship name="folder">
			<destination>{c32ad780-8d43-41ea-aadd-32a27faf752d}</destination>
		</relationship>
		<relationship name="mixer">
			<destination>{ab520141-4fbb-4bc9-9f32-14bcf933a97b}</destination>
		</relationship>
		<relationship name="masterTrack">
			<destination>{b3f98f7d-cba3-46f3-82f7-85fe977acdc3}</destination>
		</relationship>
		<relationship name="mixerInput">
			<destination>{0316899f-7864-4e81-b48c-670ddeb83213}</destination>
		</relationship>
		<relationship name="automatableProperties">
			<destination>{7e493e55-2fab-4ecb-b234-31f178e17888}</destination>
		</relationship>
		<relationship name="markerTracks">
			<destination>{d084c6bb-741b-4896-a36e-2e98f6a7e92c}</destination>
		</relationship>
		<relationship name="groupTracks">
			<destination>{4e1fa4e5-01e5-45eb-a504-80c675f9d320}</destination>
		</relationship>
		<relationship name="timeline">
			<destination>{3d5d2be8-d217-4636-804b-b5099943c0cb}</destination>
		</relationship>
		<relationship name="banks">
			<destination>{f7d8b549-b88c-404e-8293-a84c1f66cf78}</destination>
		</relationship>
	</object>
	<object class="EventMixer" id="{ab520141-4fbb-4bc9-9f32-14bcf933a97b}">
		<relationship name="masterBus">
			<destination>{daa3f220-1771-489f-ae97-c30c695abd7c}</destination>
		</relationship>
	</object>
	<object class="MasterTrack" id="{b3f98f7d-cba3-46f3-82f7-85fe977acdc3}">
		<relationship name="mixerGroup">
			<destination>{daa3f220-1771-489f-ae97-c30c695abd7c}</destination>
		</relationship>
	</object>
	<object class="MixerInput" id="{0316899f-7864-4e81-b48c-670ddeb83213}">
		<relationship name="effectChain">
			<destination>{841b2a1a-c896-4580-8657-e340bdf30988}</destination>
		</relationship>
		<relationship name="panner">
			<destination>{a195714e-baee-492b-8293-4339678f4e97}</destination>
		</relationship>
		<relationship name="output">
			<destination>{1be980f5-8cdb-4b57-b7c7-fb3a902639a7}</destination>
		</relationship>
	</object>
	<object class="EventAutomatableProperties" id="{7e493e55-2fab-4ecb-b234-31f178e17888}" />
	<object class="MarkerTrack" id="{d084c6bb-741b-4896-a36e-2e98f6a7e92c}" />
	<object class="GroupTrack" id="{4e1fa4e5-01e5-45eb-a504-80c675f9d320}">
		<relationship name="modules">
			<destination>{ee3dee9d-c4eb-4e70-90b9-c8a5ab7d3bec}</destination>
		</relationship>
		<relationship name="mixerGroup">
			<destination>{d83434c2-1d88-4db3-a301-2ddb05e9613e}</destination>
		</relationship>
	</object>
	<object class="Timeline" id="{3d5d2be8-d217-4636-804b-b5099943c0cb}">
		<relationship name="modules">
			<destination>{ee3dee9d-c4eb-4e70-90b9-c8a5ab7d3bec}</destination>
		</relationship>
		<relationship name="markers">
			<destination>{99938445-d2f3-42a5-80dd-455984807410}</destination>
		</relationship>
	</object>
	<object class="EventMixerMaster" id="{daa3f220-1771-489f-ae97-c30c695abd7c}">
		<relationship name="effectChain">
			<destination>{494870b3-e3e3-4d31-909e-f0aa5c1f9b56}</destination>
		</relationship>
		<relationship name="panner">
			<destination>{ce6bfa16-246a-4f45-9261-86f658e5e015}</destination>
		</relationship>
		<relationship name="mixer">
			<destination>{ab520141-4fbb-4bc9-9f32-14bcf933a97b}</destination>
		</relationship>
	</object>
	<object class="MixerBusEffectChain" id="{841b2a1a-c896-4580-8657-e340bdf30988}">
		<relationship name="effects">
			<destination>{7eca4558-f93e-4cc5-b56a-fed3d70230e2}</destination>
		</relationship>
	</object>
	<object class="MixerBusPanner" id="{a195714e-baee-492b-8293-4339678f4e97}" />
	<object class="SingleSound" id="{ee3dee9d-c4eb-4e70-90b9-c8a5ab7d3bec}">
		<property name="length">
			<value>2</value>
		</property>
		<relationship name="fadeInCurve">
			<destination>{ca858c61-a436-4e63-89a8-964241b79e57}</destination>
		</relationship>
		<relationship name="fadeOutCurve">
			<destination>{03b957fe-048f-47ae-ba3b-cdc93946e42d}</destination>
		</relationship>
		<relationship name="audioFile">
			<destination>{16d96a2c-6ae7-4317-b2d3-7235cd05bab5}</destination>
		</relationship>
	</object>
	<object class="EventMixerGroup" id="{d83434c2-1d88-4db3-a301-2ddb05e9613e}">
		<property name="volume">
			<value>-18.5</value>
		</property>
		<property name="name">
			<value>Audio 1</value>
		</property>
		<relationship name="effectChain">
			<destination>{d4e65d8d-9972-440e-b5db-a9cd1d2e0520}</destination>
		</relationship>
		<relationship name="panner">
			<destination>{2e158288-c596-4697-969d-24909809a194}</destination>
		</relationship>
		<relationship name="output">
			<destination>{daa3f220-1771-489f-ae97-c30c695abd7c}</destination>
		</relationship>
	</object>
	<object class="LoopRegion" id="{99938445-d2f3-42a5-80dd-455984807410}">
		<property name="position">
			<value>0</value>
		</property>
		<property name="length">
			<value>2</value>
		</property>
		<relationship name="timeline">
			<destination>{3d5d2be8-d217-4636-804b-b5099943c0cb}</destination>
		</relationship>
		<relationship name="markerTrack">
			<destination>{d084c6bb-741b-4896-a36e-2e98f6a7e92c}</destination>
		</relationship>
	</object>
	<object class="MixerBusEffectChain" id="{494870b3-e3e3-4d31-909e-f0aa5c1f9b56}">
		<relationship name="effects">
			<destination>{72d3d44f-0fe7-4c03-bdc8-63fa9106a1e7}</destination>
			<destination>{509e65c1-deae-4005-b8c2-12bb47152d55}</destination>
		</relationship>
	</object>
	<object class="MixerBusPanner" id="{ce6bfa16-246a-4f45-9261-86f658e5e015}" />
	<object class="MixerBusFader" id="{7eca4558-f93e-4cc5-b56a-fed3d70230e2}" />
	<object class="FadeCurve" id="{ca858c61-a436-4e63-89a8-964241b79e57}">
		<relationship name="startPoint">
			<destination>{0d0aef24-3a19-4c70-aeae-6fcb56e89b2e}</destination>
		</relationship>
		<relationship name="endPoint">
			<destination>{a5bc9d36-50ef-4a6d-951f-fd1346749cb3}</destination>
		</relationship>
	</object>
	<object class="FadeCurve" id="{03b957fe-048f-47ae-ba3b-cdc93946e42d}">
		<relationship name="startPoint">
			<destination>{fcad7784-dba3-459c-901e-bcd8808abb11}</destination>
		</relationship>
		<relationship name="endPoint">
			<destination>{7f40fbea-999c-4d55-916f-8fcc75257ffe}</destination>
		</relationship>
	</object>
	<object class="MixerBusEffectChain" id="{d4e65d8d-9972-440e-b5db-a9cd1d2e0520}">
		<relationship name="effects">
			<destination>{cb434e01-9fff-4bba-8471-683cc0696bfb}</destination>
		</relationship>
	</object>
	<object class="MixerBusPanner" id="{2e158288-c596-4697-969d-24909809a194}" />
	<object class="MixerBusFader" id="{72d3d44f-0fe7-4c03-bdc8-63fa9106a1e7}" />
	<object class="SpatialiserEffect" id="{509e65c1-deae-4005-b8c2-12bb47152d55}" />
	<object class="AutomationPoint" id="{0d0aef24-3a19-4c70-aeae-6fcb56e89b2e}">
		<property name="position">
			<value>0</value>
		</property>
		<property name="value">
			<value>0</value>
		</property>
		<property name="curveShape">
			<value>0.0822291747</value>
		</property>
	</object>
	<object class="AutomationPoint" id="{a5bc9d36-50ef-4a6d-951f-fd1346749cb3}">
		<property name="position">
			<value>0.78125</value>
		</property>
		<property name="value">
			<value>1</value>
		</property>
	</object>
	<object class="AutomationPoint" id="{fcad7784-dba3-459c-901e-bcd8808abb11}">
		<property name="position">
			<value>1.0166233283803863</value>
		</property>
		<property name="value">
			<value>1</value>
		</property>
		<property name="curveShape">
			<value>-0.333419621</value>
		</property>
	</object>
	<object class="AutomationPoint" id="{7f40fbea-999c-4d55-916f-8fcc75257ffe}">
		<property name="position">
			<value>2</value>
		</property>
		<property name="value">
			<value>0</value>
		</property>
	</object>
	<object class="MixerBusFader" id="{cb434e01-9fff-4bba-8471-683cc0696bfb}" />
</objects>
