<?xml version="1.0" encoding="UTF-8"?>
<objects serializationModel="Studio.02.02.00">
	<object class="Event" id="{5edfb7f3-2d9d-4bc5-a4ba-5d37aed366f0}">
		<property name="name">
			<value>Sons de falar 2</value>
		</property>
		<property name="outputFormat">
			<value>0</value>
		</property>
		<relationship name="folder">
			<destination>{add40ed3-2833-45af-b3de-c6c191399e00}</destination>
		</relationship>
		<relationship name="mixer">
			<destination>{fd8a5217-33c9-4a0a-8920-5b817c8b2710}</destination>
		</relationship>
		<relationship name="masterTrack">
			<destination>{e6648cb6-c61d-4a72-8281-6be46d6e41b8}</destination>
		</relationship>
		<relationship name="mixerInput">
			<destination>{9f83f054-b520-4a22-af42-758adbcaeb51}</destination>
		</relationship>
		<relationship name="automatableProperties">
			<destination>{ac677393-accd-49d5-af20-968dd05e6d06}</destination>
		</relationship>
		<relationship name="markerTracks">
			<destination>{e515bffe-9ff5-40da-86f7-4be47215608b}</destination>
		</relationship>
		<relationship name="groupTracks">
			<destination>{90cd3f3f-bdff-44ab-a5c3-f90253f5f794}</destination>
		</relationship>
		<relationship name="timeline">
			<destination>{811f9483-4f68-47b6-810d-1a05c83ea74a}</destination>
		</relationship>
		<relationship name="banks">
			<destination>{437124ad-21b9-4a65-8d67-8085eb0f3dec}</destination>
		</relationship>
	</object>
	<object class="EventMixer" id="{fd8a5217-33c9-4a0a-8920-5b817c8b2710}">
		<relationship name="masterBus">
			<destination>{9ca7452a-a717-4793-9749-bd8722d6d444}</destination>
		</relationship>
	</object>
	<object class="MasterTrack" id="{e6648cb6-c61d-4a72-8281-6be46d6e41b8}">
		<relationship name="mixerGroup">
			<destination>{9ca7452a-a717-4793-9749-bd8722d6d444}</destination>
		</relationship>
	</object>
	<object class="MixerInput" id="{9f83f054-b520-4a22-af42-758adbcaeb51}">
		<relationship name="effectChain">
			<destination>{3c489ef7-3871-4610-863b-ddd73981eff8}</destination>
		</relationship>
		<relationship name="panner">
			<destination>{d6bd5960-3228-4398-8913-3bd7e5cb7383}</destination>
		</relationship>
		<relationship name="output">
			<destination>{1be980f5-8cdb-4b57-b7c7-fb3a902639a7}</destination>
		</relationship>
	</object>
	<object class="EventAutomatableProperties" id="{ac677393-accd-49d5-af20-968dd05e6d06}" />
	<object class="MarkerTrack" id="{e515bffe-9ff5-40da-86f7-4be47215608b}" />
	<object class="GroupTrack" id="{90cd3f3f-bdff-44ab-a5c3-f90253f5f794}">
		<relationship name="modules">
			<destination>{fc1a2d50-fe87-4d42-ad7c-4e6ec1f0877b}</destination>
		</relationship>
		<relationship name="mixerGroup">
			<destination>{7784b2ef-a9e3-4406-b171-1f6f628a9b50}</destination>
		</relationship>
	</object>
	<object class="Timeline" id="{811f9483-4f68-47b6-810d-1a05c83ea74a}">
		<relationship name="modules">
			<destination>{fc1a2d50-fe87-4d42-ad7c-4e6ec1f0877b}</destination>
		</relationship>
		<relationship name="markers">
			<destination>{e7f52137-f69b-4b6b-a2ab-97922642a0c2}</destination>
		</relationship>
	</object>
	<object class="EventMixerMaster" id="{9ca7452a-a717-4793-9749-bd8722d6d444}">
		<relationship name="effectChain">
			<destination>{3ce274e2-9081-427f-968b-ce41905cfb06}</destination>
		</relationship>
		<relationship name="panner">
			<destination>{c5c9127a-37f6-4003-a15f-04dfcb310ce5}</destination>
		</relationship>
		<relationship name="mixer">
			<destination>{fd8a5217-33c9-4a0a-8920-5b817c8b2710}</destination>
		</relationship>
	</object>
	<object class="MixerBusEffectChain" id="{3c489ef7-3871-4610-863b-ddd73981eff8}">
		<relationship name="effects">
			<destination>{b681fc04-bb7d-4fa2-9315-7de598adcf53}</destination>
		</relationship>
	</object>
	<object class="MixerBusPanner" id="{d6bd5960-3228-4398-8913-3bd7e5cb7383}" />
	<object class="MultiSound" id="{fc1a2d50-fe87-4d42-ad7c-4e6ec1f0877b}">
		<property name="length">
			<value>1.1988066493313521</value>
		</property>
		<property name="playlistMode">
			<value>1</value>
		</property>
		<relationship name="sounds">
			<destination>{ccaf3598-5ed8-4d4f-9e64-066327df42b0}</destination>
			<destination>{177f5da0-f12f-41be-9e96-da56b5a869e5}</destination>
			<destination>{76db7a38-842d-44ef-8a99-ebb831439fd7}</destination>
			<destination>{66fef394-8f5a-4d7f-a910-db08302c9972}</destination>
		</relationship>
	</object>
	<object class="EventMixerGroup" id="{7784b2ef-a9e3-4406-b171-1f6f628a9b50}">
		<property name="name">
			<value>Audio 1</value>
		</property>
		<relationship name="effectChain">
			<destination>{09356f37-1808-4581-830d-6a7058527836}</destination>
		</relationship>
		<relationship name="panner">
			<destination>{d8f05461-b539-42dd-bbdb-a445a98fa95f}</destination>
		</relationship>
		<relationship name="output">
			<destination>{9ca7452a-a717-4793-9749-bd8722d6d444}</destination>
		</relationship>
	</object>
	<object class="LoopRegion" id="{e7f52137-f69b-4b6b-a2ab-97922642a0c2}">
		<property name="position">
			<value>0</value>
		</property>
		<property name="length">
			<value>1.1988066493313521</value>
		</property>
		<relationship name="timeline">
			<destination>{811f9483-4f68-47b6-810d-1a05c83ea74a}</destination>
		</relationship>
		<relationship name="markerTrack">
			<destination>{e515bffe-9ff5-40da-86f7-4be47215608b}</destination>
		</relationship>
	</object>
	<object class="MixerBusEffectChain" id="{3ce274e2-9081-427f-968b-ce41905cfb06}">
		<relationship name="effects">
			<destination>{7846f195-b38e-406f-bfbf-48b147b62cc8}</destination>
		</relationship>
	</object>
	<object class="MixerBusPanner" id="{c5c9127a-37f6-4003-a15f-04dfcb310ce5}" />
	<object class="MixerBusFader" id="{b681fc04-bb7d-4fa2-9315-7de598adcf53}" />
	<object class="SingleSound" id="{ccaf3598-5ed8-4d4f-9e64-066327df42b0}">
		<relationship name="audioFile">
			<destination>{acbd792a-ba68-4da2-a2cb-c3c8d2438110}</destination>
		</relationship>
	</object>
	<object class="SingleSound" id="{177f5da0-f12f-41be-9e96-da56b5a869e5}">
		<relationship name="audioFile">
			<destination>{3271286f-3ffc-4608-9568-a86be97b52e4}</destination>
		</relationship>
	</object>
	<object class="SingleSound" id="{76db7a38-842d-44ef-8a99-ebb831439fd7}">
		<relationship name="audioFile">
			<destination>{734e6b19-4fa0-4ce1-952a-9e250945de42}</destination>
		</relationship>
	</object>
	<object class="SingleSound" id="{66fef394-8f5a-4d7f-a910-db08302c9972}">
		<relationship name="audioFile">
			<destination>{d4635321-31b9-4852-9213-b5e47aebc0a8}</destination>
		</relationship>
	</object>
	<object class="MixerBusEffectChain" id="{09356f37-1808-4581-830d-6a7058527836}">
		<relationship name="effects">
			<destination>{bda06665-ce0c-45a0-8fb6-5be62e0decf1}</destination>
		</relationship>
	</object>
	<object class="MixerBusPanner" id="{d8f05461-b539-42dd-bbdb-a445a98fa95f}" />
	<object class="MixerBusFader" id="{7846f195-b38e-406f-bfbf-48b147b62cc8}" />
	<object class="MixerBusFader" id="{bda06665-ce0c-45a0-8fb6-5be62e0decf1}" />
</objects>
