<?xml version="1.0" encoding="UTF-8"?>
<objects serializationModel="Studio.02.02.00">
	<object class="Event" id="{88c9be4a-c854-4e92-a170-63e5024599be}">
		<property name="name">
			<value>Completar algo</value>
		</property>
		<property name="outputFormat">
			<value>1</value>
		</property>
		<relationship name="folder">
			<destination>{c32ad780-8d43-41ea-aadd-32a27faf752d}</destination>
		</relationship>
		<relationship name="mixer">
			<destination>{051494d5-9b6a-40b2-9611-3d095b5ad47f}</destination>
		</relationship>
		<relationship name="masterTrack">
			<destination>{435c0e09-a04e-4885-a33d-e378d135a7c5}</destination>
		</relationship>
		<relationship name="mixerInput">
			<destination>{a293c640-b963-49ea-96d7-d5060e11b261}</destination>
		</relationship>
		<relationship name="automatableProperties">
			<destination>{0db25bd9-93c4-4c45-9bc7-d7995fdef9a2}</destination>
		</relationship>
		<relationship name="markerTracks">
			<destination>{c9d6dbb9-3330-404e-a1b3-34f61b38facd}</destination>
		</relationship>
		<relationship name="timeline">
			<destination>{1b5a3f74-5d6b-454a-8ee7-5c339b7d8737}</destination>
		</relationship>
		<relationship name="parameters">
			<destination>{28e127ce-baf9-48a3-9a4f-4b9af21114a2}</destination>
		</relationship>
		<relationship name="banks">
			<destination>{f7d8b549-b88c-404e-8293-a84c1f66cf78}</destination>
		</relationship>
	</object>
	<object class="EventMixer" id="{051494d5-9b6a-40b2-9611-3d095b5ad47f}">
		<relationship name="masterBus">
			<destination>{1d1b110c-2820-4537-bd00-90ccc145a308}</destination>
		</relationship>
	</object>
	<object class="MasterTrack" id="{435c0e09-a04e-4885-a33d-e378d135a7c5}">
		<relationship name="modules">
			<destination>{517e1fcd-d52b-4d48-8a85-c80d9aba7d2c}</destination>
		</relationship>
		<relationship name="mixerGroup">
			<destination>{1d1b110c-2820-4537-bd00-90ccc145a308}</destination>
		</relationship>
	</object>
	<object class="MixerInput" id="{a293c640-b963-49ea-96d7-d5060e11b261}">
		<relationship name="effectChain">
			<destination>{4ae065db-d31d-4a41-b1bc-9cb3b6d7d1d1}</destination>
		</relationship>
		<relationship name="panner">
			<destination>{7423ab27-ea12-4929-8e32-3714b1fa5ba6}</destination>
		</relationship>
		<relationship name="output">
			<destination>{1be980f5-8cdb-4b57-b7c7-fb3a902639a7}</destination>
		</relationship>
	</object>
	<object class="EventAutomatableProperties" id="{0db25bd9-93c4-4c45-9bc7-d7995fdef9a2}" />
	<object class="MarkerTrack" id="{c9d6dbb9-3330-404e-a1b3-34f61b38facd}" />
	<object class="Timeline" id="{1b5a3f74-5d6b-454a-8ee7-5c339b7d8737}">
		<property name="isProxyEnabled">
			<value>false</value>
		</property>
	</object>
	<object class="ActionSheet" id="{28e127ce-baf9-48a3-9a4f-4b9af21114a2}">
		<relationship name="modules">
			<destination>{517e1fcd-d52b-4d48-8a85-c80d9aba7d2c}</destination>
		</relationship>
	</object>
	<object class="EventMixerMaster" id="{1d1b110c-2820-4537-bd00-90ccc145a308}">
		<relationship name="effectChain">
			<destination>{aafe70c1-ffb2-414c-9b40-e2720bf051f9}</destination>
		</relationship>
		<relationship name="panner">
			<destination>{1fb7c213-0c51-4c97-85cf-9519baa7932d}</destination>
		</relationship>
		<relationship name="mixer">
			<destination>{051494d5-9b6a-40b2-9611-3d095b5ad47f}</destination>
		</relationship>
	</object>
	<object class="MultiSound" id="{517e1fcd-d52b-4d48-8a85-c80d9aba7d2c}">
		<relationship name="sounds">
			<destination>{f067afa4-0bf6-4d71-9e24-4028195397e6}</destination>
		</relationship>
	</object>
	<object class="MixerBusEffectChain" id="{4ae065db-d31d-4a41-b1bc-9cb3b6d7d1d1}">
		<relationship name="effects">
			<destination>{64aa871d-0eee-4c31-bd4c-e56209cae434}</destination>
		</relationship>
	</object>
	<object class="MixerBusPanner" id="{7423ab27-ea12-4929-8e32-3714b1fa5ba6}" />
	<object class="MixerBusEffectChain" id="{aafe70c1-ffb2-414c-9b40-e2720bf051f9}">
		<relationship name="effects">
			<destination>{ce149f22-602f-4a28-9db8-e99f8cd3b851}</destination>
		</relationship>
	</object>
	<object class="MixerBusPanner" id="{1fb7c213-0c51-4c97-85cf-9519baa7932d}" />
	<object class="SingleSound" id="{f067afa4-0bf6-4d71-9e24-4028195397e6}">
		<relationship name="audioFile">
			<destination>{4fd07d7b-bbe5-49fb-a423-c5a89ec7aa3e}</destination>
		</relationship>
	</object>
	<object class="MixerBusFader" id="{64aa871d-0eee-4c31-bd4c-e56209cae434}" />
	<object class="MixerBusFader" id="{ce149f22-602f-4a28-9db8-e99f8cd3b851}" />
</objects>
