<?xml version="1.0" encoding="UTF-8"?>
<objects serializationModel="Studio.02.02.00">
	<object class="Event" id="{8a9abe36-7836-4c8d-9309-c77130f7f15d}">
		<property name="name">
			<value>SELECIONADO</value>
		</property>
		<property name="outputFormat">
			<value>1</value>
		</property>
		<relationship name="folder">
			<destination>{d828137e-7bf9-47ce-99aa-b13ed50d90bc}</destination>
		</relationship>
		<relationship name="mixer">
			<destination>{a2f2d928-8149-4072-b7ba-21781db8dec2}</destination>
		</relationship>
		<relationship name="masterTrack">
			<destination>{8bcbf7da-056b-4a1a-a3cd-6277551e92fa}</destination>
		</relationship>
		<relationship name="mixerInput">
			<destination>{38f4f165-6e19-471e-94d1-61860be83ac6}</destination>
		</relationship>
		<relationship name="automatableProperties">
			<destination>{4d6929d1-11ca-4f8d-96d0-d832696225cf}</destination>
		</relationship>
		<relationship name="markerTracks">
			<destination>{2bb7fc38-a574-4b95-b477-ef13d2a60483}</destination>
		</relationship>
		<relationship name="timeline">
			<destination>{641b3f35-158f-4885-ad6b-8c75c3378d7b}</destination>
		</relationship>
		<relationship name="parameters">
			<destination>{09d90cb1-fcf5-40e5-a46b-9fe681eb6c08}</destination>
		</relationship>
		<relationship name="banks">
			<destination>{d45d241e-b4f9-4111-a09e-82674dacb2f6}</destination>
		</relationship>
	</object>
	<object class="EventMixer" id="{a2f2d928-8149-4072-b7ba-21781db8dec2}">
		<relationship name="masterBus">
			<destination>{ee925d38-3f3a-4304-bf82-2996b92768d1}</destination>
		</relationship>
	</object>
	<object class="MasterTrack" id="{8bcbf7da-056b-4a1a-a3cd-6277551e92fa}">
		<relationship name="modules">
			<destination>{22224b80-83f5-4a93-9437-f3fc5733275c}</destination>
		</relationship>
		<relationship name="mixerGroup">
			<destination>{ee925d38-3f3a-4304-bf82-2996b92768d1}</destination>
		</relationship>
	</object>
	<object class="MixerInput" id="{38f4f165-6e19-471e-94d1-61860be83ac6}">
		<relationship name="effectChain">
			<destination>{b036653f-2dfc-438b-b0e7-0af450adab4c}</destination>
		</relationship>
		<relationship name="panner">
			<destination>{d11e149a-f915-4132-8a08-74100108598f}</destination>
		</relationship>
		<relationship name="output">
			<destination>{1be980f5-8cdb-4b57-b7c7-fb3a902639a7}</destination>
		</relationship>
	</object>
	<object class="EventAutomatableProperties" id="{4d6929d1-11ca-4f8d-96d0-d832696225cf}" />
	<object class="MarkerTrack" id="{2bb7fc38-a574-4b95-b477-ef13d2a60483}" />
	<object class="Timeline" id="{641b3f35-158f-4885-ad6b-8c75c3378d7b}">
		<property name="isProxyEnabled">
			<value>false</value>
		</property>
	</object>
	<object class="ActionSheet" id="{09d90cb1-fcf5-40e5-a46b-9fe681eb6c08}">
		<relationship name="modules">
			<destination>{22224b80-83f5-4a93-9437-f3fc5733275c}</destination>
		</relationship>
	</object>
	<object class="EventMixerMaster" id="{ee925d38-3f3a-4304-bf82-2996b92768d1}">
		<relationship name="effectChain">
			<destination>{37c422e6-f9ec-4546-b6c2-8471bd20a5f5}</destination>
		</relationship>
		<relationship name="panner">
			<destination>{e36d3865-74b4-4153-8dd0-77cccada92d6}</destination>
		</relationship>
		<relationship name="mixer">
			<destination>{a2f2d928-8149-4072-b7ba-21781db8dec2}</destination>
		</relationship>
	</object>
	<object class="MultiSound" id="{22224b80-83f5-4a93-9437-f3fc5733275c}">
		<relationship name="sounds">
			<destination>{e619b8bb-6184-450f-bf28-d58ad036776e}</destination>
		</relationship>
	</object>
	<object class="MixerBusEffectChain" id="{b036653f-2dfc-438b-b0e7-0af450adab4c}">
		<relationship name="effects">
			<destination>{9123f4e2-e8b7-4269-97ac-8bd369183571}</destination>
		</relationship>
	</object>
	<object class="MixerBusPanner" id="{d11e149a-f915-4132-8a08-74100108598f}" />
	<object class="MixerBusEffectChain" id="{37c422e6-f9ec-4546-b6c2-8471bd20a5f5}">
		<relationship name="effects">
			<destination>{91691c17-9d22-4f41-bba3-21a318b00e81}</destination>
		</relationship>
	</object>
	<object class="MixerBusPanner" id="{e36d3865-74b4-4153-8dd0-77cccada92d6}" />
	<object class="SingleSound" id="{e619b8bb-6184-450f-bf28-d58ad036776e}">
		<relationship name="audioFile">
			<destination>{16dcb05c-7c1e-48d2-b107-2c6744cdb59e}</destination>
		</relationship>
	</object>
	<object class="MixerBusFader" id="{9123f4e2-e8b7-4269-97ac-8bd369183571}" />
	<object class="MixerBusFader" id="{91691c17-9d22-4f41-bba3-21a318b00e81}" />
</objects>
