<?xml version="1.0" encoding="UTF-8"?>
<objects serializationModel="Studio.02.02.00">
	<object class="Event" id="{9b537023-896b-4d96-8f5b-98d7c3e1d90e}">
		<property name="name">
			<value>Passos Pedra</value>
		</property>
		<property name="outputFormat">
			<value>2</value>
		</property>
		<relationship name="folder">
			<destination>{52db3500-f462-4870-8008-211a608dea9d}</destination>
		</relationship>
		<relationship name="mixer">
			<destination>{92b8b8d9-bda5-49ef-a3fc-afaf8734a07e}</destination>
		</relationship>
		<relationship name="masterTrack">
			<destination>{60b6cdd6-7b7c-4a5d-ab99-12ee1f207871}</destination>
		</relationship>
		<relationship name="mixerInput">
			<destination>{27f36aaf-d3f3-4b60-84fd-f33e42c2c2c6}</destination>
		</relationship>
		<relationship name="automatableProperties">
			<destination>{12d01d55-ed05-47f9-bd9c-cec9be9fbf0b}</destination>
		</relationship>
		<relationship name="markerTracks">
			<destination>{29537719-07bd-48cb-98af-2431dc2112f1}</destination>
		</relationship>
		<relationship name="groupTracks">
			<destination>{811344e0-bdbc-4833-9dd4-1abd9095b00b}</destination>
		</relationship>
		<relationship name="timeline">
			<destination>{8d1b3c08-3928-467b-8ed4-9847f5abac08}</destination>
		</relationship>
		<relationship name="banks">
			<destination>{a37e26a0-eb25-4d38-a595-10e1765176b1}</destination>
		</relationship>
	</object>
	<object class="EventMixer" id="{92b8b8d9-bda5-49ef-a3fc-afaf8734a07e}">
		<relationship name="masterBus">
			<destination>{99998645-bedc-423d-915e-548aad0c71ea}</destination>
		</relationship>
	</object>
	<object class="MasterTrack" id="{60b6cdd6-7b7c-4a5d-ab99-12ee1f207871}">
		<relationship name="mixerGroup">
			<destination>{99998645-bedc-423d-915e-548aad0c71ea}</destination>
		</relationship>
	</object>
	<object class="MixerInput" id="{27f36aaf-d3f3-4b60-84fd-f33e42c2c2c6}">
		<relationship name="effectChain">
			<destination>{3d2441df-84bf-47de-92c8-b7fec77f7197}</destination>
		</relationship>
		<relationship name="panner">
			<destination>{6fbbdb26-11b5-4111-b267-9e85beb146de}</destination>
		</relationship>
		<relationship name="output">
			<destination>{1be980f5-8cdb-4b57-b7c7-fb3a902639a7}</destination>
		</relationship>
	</object>
	<object class="EventAutomatableProperties" id="{12d01d55-ed05-47f9-bd9c-cec9be9fbf0b}" />
	<object class="MarkerTrack" id="{29537719-07bd-48cb-98af-2431dc2112f1}" />
	<object class="GroupTrack" id="{811344e0-bdbc-4833-9dd4-1abd9095b00b}">
		<relationship name="modules">
			<destination>{e5300714-f785-4ce7-ba52-ad1d052e9c47}</destination>
		</relationship>
		<relationship name="mixerGroup">
			<destination>{08528415-c8b2-4c8a-8cbe-94d7bd086696}</destination>
		</relationship>
	</object>
	<object class="Timeline" id="{8d1b3c08-3928-467b-8ed4-9847f5abac08}">
		<relationship name="modules">
			<destination>{e5300714-f785-4ce7-ba52-ad1d052e9c47}</destination>
		</relationship>
	</object>
	<object class="EventMixerMaster" id="{99998645-bedc-423d-915e-548aad0c71ea}">
		<relationship name="effectChain">
			<destination>{dfa2b203-a55c-4f48-a703-fc8dd445d10c}</destination>
		</relationship>
		<relationship name="panner">
			<destination>{fff9830f-6fb5-48e1-9375-2b2d5b0f4f61}</destination>
		</relationship>
		<relationship name="mixer">
			<destination>{92b8b8d9-bda5-49ef-a3fc-afaf8734a07e}</destination>
		</relationship>
	</object>
	<object class="MixerBusEffectChain" id="{3d2441df-84bf-47de-92c8-b7fec77f7197}">
		<relationship name="effects">
			<destination>{29e917df-9f37-4ac1-8f14-3a8ebcee7b3f}</destination>
		</relationship>
	</object>
	<object class="MixerBusPanner" id="{6fbbdb26-11b5-4111-b267-9e85beb146de}" />
	<object class="MultiSound" id="{e5300714-f785-4ce7-ba52-ad1d052e9c47}">
		<property name="length">
			<value>1.5</value>
		</property>
		<property name="volume">
			<value>-5.5</value>
		</property>
		<property name="looping">
			<value>true</value>
		</property>
		<property name="playlistMode">
			<value>1</value>
		</property>
		<relationship name="sounds">
			<destination>{9a5e6194-953b-4f17-87aa-86ecb201b0fb}</destination>
			<destination>{75844998-262c-49f3-9663-e29796b4f766}</destination>
			<destination>{3b53d6c8-eeac-4636-8e93-bfcbcb0b9dd8}</destination>
			<destination>{48c82d68-6d1e-4438-b5e1-4d5429400259}</destination>
			<destination>{c2024597-fd09-4e00-b340-7191a99c2789}</destination>
		</relationship>
	</object>
	<object class="EventMixerGroup" id="{08528415-c8b2-4c8a-8cbe-94d7bd086696}">
		<property name="name">
			<value>Passos Pedra</value>
		</property>
		<relationship name="effectChain">
			<destination>{853ca8df-a3da-4ea1-b6ea-8c2c2edf7cab}</destination>
		</relationship>
		<relationship name="panner">
			<destination>{107113f3-6648-4690-ae45-1bf4bdeb0f80}</destination>
		</relationship>
		<relationship name="output">
			<destination>{99998645-bedc-423d-915e-548aad0c71ea}</destination>
		</relationship>
	</object>
	<object class="MixerBusEffectChain" id="{dfa2b203-a55c-4f48-a703-fc8dd445d10c}">
		<relationship name="effects">
			<destination>{abf9b36a-e2d5-4069-bb61-13acdd4de4f7}</destination>
			<destination>{c80e3f1a-8e5e-4984-ba3f-a96823b00ac9}</destination>
		</relationship>
	</object>
	<object class="MixerBusPanner" id="{fff9830f-6fb5-48e1-9375-2b2d5b0f4f61}" />
	<object class="MixerBusFader" id="{29e917df-9f37-4ac1-8f14-3a8ebcee7b3f}" />
	<object class="SingleSound" id="{9a5e6194-953b-4f17-87aa-86ecb201b0fb}">
		<relationship name="audioFile">
			<destination>{0762e7ac-c100-4e8c-b92a-983122bbbe4b}</destination>
		</relationship>
	</object>
	<object class="SingleSound" id="{75844998-262c-49f3-9663-e29796b4f766}">
		<relationship name="audioFile">
			<destination>{dff794da-2a48-4d7a-bc4e-2e4f714a53fc}</destination>
		</relationship>
	</object>
	<object class="SingleSound" id="{3b53d6c8-eeac-4636-8e93-bfcbcb0b9dd8}">
		<relationship name="audioFile">
			<destination>{290b2233-87e1-486c-bde8-ce8bcbc1ddb6}</destination>
		</relationship>
	</object>
	<object class="SingleSound" id="{48c82d68-6d1e-4438-b5e1-4d5429400259}">
		<relationship name="audioFile">
			<destination>{95333c9d-02ab-47ab-86c1-9bcf58b765ad}</destination>
		</relationship>
	</object>
	<object class="SingleSound" id="{c2024597-fd09-4e00-b340-7191a99c2789}">
		<relationship name="audioFile">
			<destination>{caeaa82e-fc83-4490-9666-27e7f74ed079}</destination>
		</relationship>
	</object>
	<object class="MixerBusEffectChain" id="{853ca8df-a3da-4ea1-b6ea-8c2c2edf7cab}">
		<relationship name="effects">
			<destination>{3be8fa94-113f-42b2-a9d7-1b973a10f678}</destination>
		</relationship>
	</object>
	<object class="MixerBusPanner" id="{107113f3-6648-4690-ae45-1bf4bdeb0f80}" />
	<object class="MixerBusFader" id="{abf9b36a-e2d5-4069-bb61-13acdd4de4f7}" />
	<object class="SpatialiserEffect" id="{c80e3f1a-8e5e-4984-ba3f-a96823b00ac9}" />
	<object class="MixerBusFader" id="{3be8fa94-113f-42b2-a9d7-1b973a10f678}" />
</objects>
