<?xml version="1.0" encoding="UTF-8"?>
<objects serializationModel="Studio.02.02.00">
	<object class="Event" id="{a59773e1-9f4e-4988-9fbf-3cb6c1f2e413}">
		<property name="name">
			<value>Socos</value>
		</property>
		<property name="outputFormat">
			<value>1</value>
		</property>
		<relationship name="folder">
			<destination>{c72f6d2e-e3de-4eb6-8f02-94c25c1d0706}</destination>
		</relationship>
		<relationship name="mixer">
			<destination>{d21d0651-c611-466a-8f39-776b2b0aaa3d}</destination>
		</relationship>
		<relationship name="masterTrack">
			<destination>{a9900f33-5abc-455c-9115-6e6fa02ce86a}</destination>
		</relationship>
		<relationship name="mixerInput">
			<destination>{f4b9f3d1-8225-4842-aa6e-5336585f3d35}</destination>
		</relationship>
		<relationship name="automatableProperties">
			<destination>{ef009f8e-a6b4-4911-b617-b7b6add06284}</destination>
		</relationship>
		<relationship name="markerTracks">
			<destination>{8165d5cf-7793-4d94-a488-354c22a75eeb}</destination>
		</relationship>
		<relationship name="groupTracks">
			<destination>{83c2bb6b-34e5-4667-8fa6-8b6385596bac}</destination>
		</relationship>
		<relationship name="timeline">
			<destination>{14a0ebf9-a217-48fa-8c2b-7ea6a57635e8}</destination>
		</relationship>
		<relationship name="banks">
			<destination>{005a845d-168f-4374-9392-5e17349d6b33}</destination>
		</relationship>
	</object>
	<object class="EventMixer" id="{d21d0651-c611-466a-8f39-776b2b0aaa3d}">
		<relationship name="masterBus">
			<destination>{dbc91ac1-2bb1-40b1-ba99-c1c15a59d0ac}</destination>
		</relationship>
	</object>
	<object class="MasterTrack" id="{a9900f33-5abc-455c-9115-6e6fa02ce86a}">
		<relationship name="mixerGroup">
			<destination>{dbc91ac1-2bb1-40b1-ba99-c1c15a59d0ac}</destination>
		</relationship>
	</object>
	<object class="MixerInput" id="{f4b9f3d1-8225-4842-aa6e-5336585f3d35}">
		<relationship name="effectChain">
			<destination>{3c7ca3be-0f85-4ea4-b4b1-c0095840e184}</destination>
		</relationship>
		<relationship name="panner">
			<destination>{585bc3ff-a776-4c0b-bfc6-ada4a3d5ed5b}</destination>
		</relationship>
		<relationship name="output">
			<destination>{1be980f5-8cdb-4b57-b7c7-fb3a902639a7}</destination>
		</relationship>
	</object>
	<object class="EventAutomatableProperties" id="{ef009f8e-a6b4-4911-b617-b7b6add06284}" />
	<object class="MarkerTrack" id="{8165d5cf-7793-4d94-a488-354c22a75eeb}" />
	<object class="GroupTrack" id="{83c2bb6b-34e5-4667-8fa6-8b6385596bac}">
		<relationship name="modules">
			<destination>{74c3b85d-d47d-4955-902a-5717943962f1}</destination>
		</relationship>
		<relationship name="mixerGroup">
			<destination>{d021f7b6-1e17-4543-9f10-d929a4ff36c4}</destination>
		</relationship>
	</object>
	<object class="Timeline" id="{14a0ebf9-a217-48fa-8c2b-7ea6a57635e8}">
		<relationship name="modules">
			<destination>{74c3b85d-d47d-4955-902a-5717943962f1}</destination>
		</relationship>
	</object>
	<object class="EventMixerMaster" id="{dbc91ac1-2bb1-40b1-ba99-c1c15a59d0ac}">
		<relationship name="effectChain">
			<destination>{44b5274f-9651-4b4e-9117-f2241a18ca88}</destination>
		</relationship>
		<relationship name="panner">
			<destination>{e13a900e-fada-459e-9851-7d2e0e02bf6e}</destination>
		</relationship>
		<relationship name="mixer">
			<destination>{d21d0651-c611-466a-8f39-776b2b0aaa3d}</destination>
		</relationship>
	</object>
	<object class="MixerBusEffectChain" id="{3c7ca3be-0f85-4ea4-b4b1-c0095840e184}">
		<relationship name="effects">
			<destination>{d1fbc32d-acdb-493c-8fdc-fa99d441feb5}</destination>
		</relationship>
	</object>
	<object class="MixerBusPanner" id="{585bc3ff-a776-4c0b-bfc6-ada4a3d5ed5b}" />
	<object class="MultiSound" id="{74c3b85d-d47d-4955-902a-5717943962f1}">
		<property name="length">
			<value>0.87968253968253984</value>
		</property>
		<relationship name="sounds">
			<destination>{e6061eb8-1a7e-48cc-ab30-20cf74e6600c}</destination>
			<destination>{ecc10e68-578a-4b83-bd5e-48f9dd193424}</destination>
			<destination>{ccb02fd0-c6b5-4be8-a955-31bd620892f9}</destination>
			<destination>{2046b381-0f2f-44df-9281-9883cc296c65}</destination>
			<destination>{fe346e9e-a7dd-4f44-8015-9d85b0385765}</destination>
			<destination>{6b5ccbdf-1ca5-4f4d-a712-f83512c80981}</destination>
		</relationship>
	</object>
	<object class="EventMixerGroup" id="{d021f7b6-1e17-4543-9f10-d929a4ff36c4}">
		<property name="name">
			<value>Audio 1</value>
		</property>
		<relationship name="effectChain">
			<destination>{7d144382-1e5d-4c7d-8a14-11b7fe36c986}</destination>
		</relationship>
		<relationship name="panner">
			<destination>{4413a678-184e-467b-a02c-fe9682d3e4ab}</destination>
		</relationship>
		<relationship name="output">
			<destination>{dbc91ac1-2bb1-40b1-ba99-c1c15a59d0ac}</destination>
		</relationship>
	</object>
	<object class="MixerBusEffectChain" id="{44b5274f-9651-4b4e-9117-f2241a18ca88}">
		<relationship name="effects">
			<destination>{c20028fc-fd6f-4bd9-91f2-fb04d6f8e06c}</destination>
		</relationship>
	</object>
	<object class="MixerBusPanner" id="{e13a900e-fada-459e-9851-7d2e0e02bf6e}" />
	<object class="MixerBusFader" id="{d1fbc32d-acdb-493c-8fdc-fa99d441feb5}" />
	<object class="SingleSound" id="{e6061eb8-1a7e-48cc-ab30-20cf74e6600c}">
		<relationship name="audioFile">
			<destination>{23208117-10fa-44cc-a020-a495f8fe9794}</destination>
		</relationship>
	</object>
	<object class="SingleSound" id="{ecc10e68-578a-4b83-bd5e-48f9dd193424}">
		<relationship name="audioFile">
			<destination>{6f97fb12-e8b2-4abd-932d-721fcb426ae1}</destination>
		</relationship>
	</object>
	<object class="SingleSound" id="{ccb02fd0-c6b5-4be8-a955-31bd620892f9}">
		<relationship name="audioFile">
			<destination>{7f0df6d2-9eb4-4b7c-bb92-ce2137d94878}</destination>
		</relationship>
	</object>
	<object class="SingleSound" id="{2046b381-0f2f-44df-9281-9883cc296c65}">
		<relationship name="audioFile">
			<destination>{b180f3b2-142a-4b29-9837-10f58a28c176}</destination>
		</relationship>
	</object>
	<object class="SingleSound" id="{fe346e9e-a7dd-4f44-8015-9d85b0385765}">
		<relationship name="audioFile">
			<destination>{6ffde637-35b3-484b-b300-4d5ff1f7ec31}</destination>
		</relationship>
	</object>
	<object class="SingleSound" id="{6b5ccbdf-1ca5-4f4d-a712-f83512c80981}">
		<relationship name="audioFile">
			<destination>{3cb0ee74-130c-496b-9d1a-11177528b070}</destination>
		</relationship>
	</object>
	<object class="MixerBusEffectChain" id="{7d144382-1e5d-4c7d-8a14-11b7fe36c986}">
		<relationship name="effects">
			<destination>{19a5330a-613e-4098-a642-e54ca6db0cf1}</destination>
		</relationship>
	</object>
	<object class="MixerBusPanner" id="{4413a678-184e-467b-a02c-fe9682d3e4ab}" />
	<object class="MixerBusFader" id="{c20028fc-fd6f-4bd9-91f2-fb04d6f8e06c}" />
	<object class="MixerBusFader" id="{19a5330a-613e-4098-a642-e54ca6db0cf1}" />
</objects>
