<?xml version="1.0" encoding="UTF-8"?>
<objects serializationModel="Studio.02.02.00">
	<object class="Event" id="{d2ab6f14-6cfd-4b16-9069-714cffcecd66}">
		<property name="name">
			<value>Nível</value>
		</property>
		<property name="outputFormat">
			<value>2</value>
		</property>
		<relationship name="folder">
			<destination>{5371f126-b654-4660-b3b2-e2ceae683c44}</destination>
		</relationship>
		<relationship name="mixer">
			<destination>{2a5c0872-f204-4542-89a3-5304c93c353d}</destination>
		</relationship>
		<relationship name="masterTrack">
			<destination>{e85e7ed0-641d-4c17-9d80-c383eb4c0aef}</destination>
		</relationship>
		<relationship name="mixerInput">
			<destination>{1f2b59e6-3056-47ad-b7cb-649a09e4a34b}</destination>
		</relationship>
		<relationship name="automatableProperties">
			<destination>{4024ce67-d390-40a0-b909-170ccd6fd9e4}</destination>
		</relationship>
		<relationship name="markerTracks">
			<destination>{c11f2ca2-a0e6-4ed4-a4ee-013ccdb4ce17}</destination>
		</relationship>
		<relationship name="groupTracks">
			<destination>{58955695-01ed-4669-a528-eb39367635bd}</destination>
		</relationship>
		<relationship name="timeline">
			<destination>{4d0df13a-2bc9-44c3-9beb-e4792c6a4ffa}</destination>
		</relationship>
		<relationship name="banks">
			<destination>{dce88d98-8082-4bf6-a108-fe98475bfc10}</destination>
		</relationship>
	</object>
	<object class="EventMixer" id="{2a5c0872-f204-4542-89a3-5304c93c353d}">
		<relationship name="masterBus">
			<destination>{04de2372-6c24-407f-95bf-e6ba214cf41b}</destination>
		</relationship>
	</object>
	<object class="MasterTrack" id="{e85e7ed0-641d-4c17-9d80-c383eb4c0aef}">
		<relationship name="mixerGroup">
			<destination>{04de2372-6c24-407f-95bf-e6ba214cf41b}</destination>
		</relationship>
	</object>
	<object class="MixerInput" id="{1f2b59e6-3056-47ad-b7cb-649a09e4a34b}">
		<relationship name="effectChain">
			<destination>{a6e02de2-c22a-4fc2-8559-ba3e32ed349f}</destination>
		</relationship>
		<relationship name="panner">
			<destination>{4e35cf32-53c4-4950-9b82-3610d056dc56}</destination>
		</relationship>
		<relationship name="output">
			<destination>{1be980f5-8cdb-4b57-b7c7-fb3a902639a7}</destination>
		</relationship>
	</object>
	<object class="EventAutomatableProperties" id="{4024ce67-d390-40a0-b909-170ccd6fd9e4}" />
	<object class="MarkerTrack" id="{c11f2ca2-a0e6-4ed4-a4ee-013ccdb4ce17}" />
	<object class="GroupTrack" id="{58955695-01ed-4669-a528-eb39367635bd}">
		<relationship name="modules">
			<destination>{148a90a4-b7b3-4fb4-a687-b7da59f30956}</destination>
		</relationship>
		<relationship name="mixerGroup">
			<destination>{5663dbdc-6925-4d7f-a4f0-2df88ca84bed}</destination>
		</relationship>
	</object>
	<object class="Timeline" id="{4d0df13a-2bc9-44c3-9beb-e4792c6a4ffa}">
		<relationship name="modules">
			<destination>{148a90a4-b7b3-4fb4-a687-b7da59f30956}</destination>
		</relationship>
		<relationship name="markers">
			<destination>{408679b3-626c-4a5e-a6ff-87dd097908a8}</destination>
			<destination>{8a854717-dbca-4a9b-9b3a-16e5d70131b8}</destination>
			<destination>{9cee6f36-ab11-4229-9411-4674d6e871e3}</destination>
		</relationship>
	</object>
	<object class="EventMixerMaster" id="{04de2372-6c24-407f-95bf-e6ba214cf41b}">
		<relationship name="effectChain">
			<destination>{24a5f275-36a5-4073-a1ce-591ef67b8827}</destination>
		</relationship>
		<relationship name="panner">
			<destination>{aa4199e4-311d-44bd-8593-efcdf1c89ab2}</destination>
		</relationship>
		<relationship name="mixer">
			<destination>{2a5c0872-f204-4542-89a3-5304c93c353d}</destination>
		</relationship>
	</object>
	<object class="MixerBusEffectChain" id="{a6e02de2-c22a-4fc2-8559-ba3e32ed349f}">
		<relationship name="effects">
			<destination>{06d589c9-27ca-45d7-8dac-867cf88b3a44}</destination>
		</relationship>
	</object>
	<object class="MixerBusPanner" id="{4e35cf32-53c4-4950-9b82-3610d056dc56}" />
	<object class="SingleSound" id="{148a90a4-b7b3-4fb4-a687-b7da59f30956}">
		<property name="length">
			<value>115.25</value>
		</property>
		<property name="volume">
			<value>-4</value>
		</property>
		<property name="looping">
			<value>true</value>
		</property>
		<relationship name="fadeInCurve">
			<destination>{f5d13c00-f64f-4f7e-b2a7-a8b7ba5a7d0a}</destination>
		</relationship>
		<relationship name="fadeOutCurve">
			<destination>{4f5509c9-b9ca-422f-ab6e-8122ee26aa3f}</destination>
		</relationship>
		<relationship name="audioFile">
			<destination>{e0f81d4c-dc9a-4599-9cb3-9adc2cefcfaf}</destination>
		</relationship>
	</object>
	<object class="EventMixerGroup" id="{5663dbdc-6925-4d7f-a4f0-2df88ca84bed}">
		<property name="name">
			<value>Audio 2</value>
		</property>
		<relationship name="effectChain">
			<destination>{29b47ad7-8c6f-49d9-ba45-98333db2fd49}</destination>
		</relationship>
		<relationship name="panner">
			<destination>{b5bd872b-bfb9-4fa0-a95c-78ab7f247fdc}</destination>
		</relationship>
		<relationship name="output">
			<destination>{04de2372-6c24-407f-95bf-e6ba214cf41b}</destination>
		</relationship>
	</object>
	<object class="NamedMarker" id="{408679b3-626c-4a5e-a6ff-87dd097908a8}">
		<property name="position">
			<value>0.40625</value>
		</property>
		<property name="name">
			<value>Relva</value>
		</property>
		<relationship name="timeline">
			<destination>{4d0df13a-2bc9-44c3-9beb-e4792c6a4ffa}</destination>
		</relationship>
		<relationship name="markerTrack">
			<destination>{c11f2ca2-a0e6-4ed4-a4ee-013ccdb4ce17}</destination>
		</relationship>
	</object>
	<object class="NamedMarker" id="{8a854717-dbca-4a9b-9b3a-16e5d70131b8}">
		<property name="position">
			<value>0.9375</value>
		</property>
		<property name="name">
			<value>Pedra</value>
		</property>
		<relationship name="timeline">
			<destination>{4d0df13a-2bc9-44c3-9beb-e4792c6a4ffa}</destination>
		</relationship>
		<relationship name="markerTrack">
			<destination>{c11f2ca2-a0e6-4ed4-a4ee-013ccdb4ce17}</destination>
		</relationship>
	</object>
	<object class="LoopRegion" id="{9cee6f36-ab11-4229-9411-4674d6e871e3}">
		<property name="position">
			<value>0</value>
		</property>
		<property name="length">
			<value>115.25</value>
		</property>
		<relationship name="timeline">
			<destination>{4d0df13a-2bc9-44c3-9beb-e4792c6a4ffa}</destination>
		</relationship>
		<relationship name="markerTrack">
			<destination>{c11f2ca2-a0e6-4ed4-a4ee-013ccdb4ce17}</destination>
		</relationship>
	</object>
	<object class="MixerBusEffectChain" id="{24a5f275-36a5-4073-a1ce-591ef67b8827}">
		<relationship name="effects">
			<destination>{4ed9a583-c880-433c-884d-ffb0ed3f56c6}</destination>
			<destination>{82d67925-b751-4484-b4fe-0ae5dcb38ab2}</destination>
		</relationship>
	</object>
	<object class="MixerBusPanner" id="{aa4199e4-311d-44bd-8593-efcdf1c89ab2}" />
	<object class="MixerBusFader" id="{06d589c9-27ca-45d7-8dac-867cf88b3a44}" />
	<object class="FadeCurve" id="{f5d13c00-f64f-4f7e-b2a7-a8b7ba5a7d0a}">
		<relationship name="startPoint">
			<destination>{7130b53a-2ebf-4e8d-8d06-96411d81532a}</destination>
		</relationship>
		<relationship name="endPoint">
			<destination>{214f0bbb-e75b-4a40-ba4f-e61ec44ab153}</destination>
		</relationship>
	</object>
	<object class="FadeCurve" id="{4f5509c9-b9ca-422f-ab6e-8122ee26aa3f}">
		<relationship name="startPoint">
			<destination>{b0a52813-1270-489c-947f-aa28bb0ab52a}</destination>
		</relationship>
		<relationship name="endPoint">
			<destination>{652987da-5961-4e1c-aac5-63531b48ddbf}</destination>
		</relationship>
	</object>
	<object class="MixerBusEffectChain" id="{29b47ad7-8c6f-49d9-ba45-98333db2fd49}">
		<relationship name="effects">
			<destination>{61889f44-2c5a-4969-908a-6e34644cd67c}</destination>
		</relationship>
	</object>
	<object class="MixerBusPanner" id="{b5bd872b-bfb9-4fa0-a95c-78ab7f247fdc}" />
	<object class="MixerBusFader" id="{4ed9a583-c880-433c-884d-ffb0ed3f56c6}" />
	<object class="SpatialiserEffect" id="{82d67925-b751-4484-b4fe-0ae5dcb38ab2}" />
	<object class="AutomationPoint" id="{7130b53a-2ebf-4e8d-8d06-96411d81532a}">
		<property name="position">
			<value>0</value>
		</property>
		<property name="value">
			<value>0</value>
		</property>
		<property name="curveShape">
			<value>-0.2547189</value>
		</property>
	</object>
	<object class="AutomationPoint" id="{214f0bbb-e75b-4a40-ba4f-e61ec44ab153}">
		<property name="position">
			<value>2</value>
		</property>
		<property name="value">
			<value>1</value>
		</property>
	</object>
	<object class="AutomationPoint" id="{b0a52813-1270-489c-947f-aa28bb0ab52a}">
		<property name="position">
			<value>114</value>
		</property>
		<property name="value">
			<value>1</value>
		</property>
		<property name="curveShape">
			<value>0.5883044</value>
		</property>
	</object>
	<object class="AutomationPoint" id="{652987da-5961-4e1c-aac5-63531b48ddbf}">
		<property name="position">
			<value>115.25</value>
		</property>
		<property name="value">
			<value>0</value>
		</property>
	</object>
	<object class="MixerBusFader" id="{61889f44-2c5a-4969-908a-6e34644cd67c}" />
</objects>
