<?xml version="1.0" encoding="UTF-8"?>
<objects serializationModel="Studio.02.02.00">
	<object class="Event" id="{ed825bb2-cdc3-4424-81ac-f956f44b24f8}">
		<property name="name">
			<value>Morreu</value>
		</property>
		<property name="outputFormat">
			<value>1</value>
		</property>
		<relationship name="folder">
			<destination>{5371f126-b654-4660-b3b2-e2ceae683c44}</destination>
		</relationship>
		<relationship name="mixer">
			<destination>{24f88105-923a-419c-8029-02f055b8d800}</destination>
		</relationship>
		<relationship name="masterTrack">
			<destination>{de4ec95e-bbd9-45d3-8cd1-14e2605f4d57}</destination>
		</relationship>
		<relationship name="mixerInput">
			<destination>{3a23e8e0-5eea-41eb-8cd5-d875debbd82e}</destination>
		</relationship>
		<relationship name="automatableProperties">
			<destination>{9c6bd615-9b5f-46bc-8b96-2ec198e0b71d}</destination>
		</relationship>
		<relationship name="markerTracks">
			<destination>{ba06c1a3-9071-48b1-9ced-06cea7d722cb}</destination>
		</relationship>
		<relationship name="groupTracks">
			<destination>{df1bd4ce-91c5-4871-979c-cf5ccd4ab8bb}</destination>
		</relationship>
		<relationship name="timeline">
			<destination>{ad4de037-4844-46f6-8a8d-747b13831fc6}</destination>
		</relationship>
		<relationship name="banks">
			<destination>{dce88d98-8082-4bf6-a108-fe98475bfc10}</destination>
		</relationship>
	</object>
	<object class="EventMixer" id="{24f88105-923a-419c-8029-02f055b8d800}">
		<relationship name="masterBus">
			<destination>{c1e04b5c-7f8b-46b1-9332-5f6310b8d64c}</destination>
		</relationship>
	</object>
	<object class="MasterTrack" id="{de4ec95e-bbd9-45d3-8cd1-14e2605f4d57}">
		<relationship name="mixerGroup">
			<destination>{c1e04b5c-7f8b-46b1-9332-5f6310b8d64c}</destination>
		</relationship>
	</object>
	<object class="MixerInput" id="{3a23e8e0-5eea-41eb-8cd5-d875debbd82e}">
		<relationship name="effectChain">
			<destination>{02473edc-55d6-4682-be0c-0dbe0d7ef018}</destination>
		</relationship>
		<relationship name="panner">
			<destination>{f471dba9-e40a-43be-8e36-46838e041ac9}</destination>
		</relationship>
		<relationship name="output">
			<destination>{1be980f5-8cdb-4b57-b7c7-fb3a902639a7}</destination>
		</relationship>
	</object>
	<object class="EventAutomatableProperties" id="{9c6bd615-9b5f-46bc-8b96-2ec198e0b71d}" />
	<object class="MarkerTrack" id="{ba06c1a3-9071-48b1-9ced-06cea7d722cb}" />
	<object class="GroupTrack" id="{df1bd4ce-91c5-4871-979c-cf5ccd4ab8bb}">
		<relationship name="modules">
			<destination>{2896a102-6816-4ed1-99d7-6760b2539932}</destination>
		</relationship>
		<relationship name="mixerGroup">
			<destination>{2291ff08-abe1-4c66-852d-687881184b6f}</destination>
		</relationship>
	</object>
	<object class="Timeline" id="{ad4de037-4844-46f6-8a8d-747b13831fc6}">
		<relationship name="modules">
			<destination>{2896a102-6816-4ed1-99d7-6760b2539932}</destination>
		</relationship>
		<relationship name="markers">
			<destination>{8912e7f4-3ccf-42ab-8fd8-fd20200e91b3}</destination>
		</relationship>
	</object>
	<object class="EventMixerMaster" id="{c1e04b5c-7f8b-46b1-9332-5f6310b8d64c}">
		<relationship name="effectChain">
			<destination>{b05aa6c1-e7d9-4ee6-96c2-f40f545e2b5d}</destination>
		</relationship>
		<relationship name="panner">
			<destination>{fc8d6557-331b-4c58-aa2f-5578a6c03fc7}</destination>
		</relationship>
		<relationship name="mixer">
			<destination>{24f88105-923a-419c-8029-02f055b8d800}</destination>
		</relationship>
	</object>
	<object class="MixerBusEffectChain" id="{02473edc-55d6-4682-be0c-0dbe0d7ef018}">
		<relationship name="effects">
			<destination>{a24c2f3f-4934-4073-ae26-f5539bf4e634}</destination>
		</relationship>
	</object>
	<object class="MixerBusPanner" id="{f471dba9-e40a-43be-8e36-46838e041ac9}" />
	<object class="SingleSound" id="{2896a102-6816-4ed1-99d7-6760b2539932}">
		<property name="length">
			<value>20.561156605119127</value>
		</property>
		<property name="timelockedOffset">
			<value>1.4388433948808754</value>
		</property>
		<relationship name="audioFile">
			<destination>{c6ae4a6e-031f-4605-83ef-f5bd7a8c3a86}</destination>
		</relationship>
	</object>
	<object class="EventMixerGroup" id="{2291ff08-abe1-4c66-852d-687881184b6f}">
		<property name="name">
			<value>Audio 1</value>
		</property>
		<relationship name="effectChain">
			<destination>{7ed9c179-8b31-4e4f-b57f-b3587b7fb750}</destination>
		</relationship>
		<relationship name="panner">
			<destination>{b63fbde8-251e-4c26-b653-0db30813b08e}</destination>
		</relationship>
		<relationship name="output">
			<destination>{c1e04b5c-7f8b-46b1-9332-5f6310b8d64c}</destination>
		</relationship>
	</object>
	<object class="LoopRegion" id="{8912e7f4-3ccf-42ab-8fd8-fd20200e91b3}">
		<property name="position">
			<value>4.2870109884772223</value>
		</property>
		<property name="length">
			<value>13</value>
		</property>
		<relationship name="timeline">
			<destination>{ad4de037-4844-46f6-8a8d-747b13831fc6}</destination>
		</relationship>
		<relationship name="markerTrack">
			<destination>{ba06c1a3-9071-48b1-9ced-06cea7d722cb}</destination>
		</relationship>
	</object>
	<object class="MixerBusEffectChain" id="{b05aa6c1-e7d9-4ee6-96c2-f40f545e2b5d}">
		<relationship name="effects">
			<destination>{00529133-b575-4b26-8855-1d58b34cb709}</destination>
		</relationship>
	</object>
	<object class="MixerBusPanner" id="{fc8d6557-331b-4c58-aa2f-5578a6c03fc7}" />
	<object class="MixerBusFader" id="{a24c2f3f-4934-4073-ae26-f5539bf4e634}" />
	<object class="MixerBusEffectChain" id="{7ed9c179-8b31-4e4f-b57f-b3587b7fb750}">
		<relationship name="effects">
			<destination>{e7b96f30-7e4b-432d-8e0d-622aecd867c3}</destination>
		</relationship>
	</object>
	<object class="MixerBusPanner" id="{b63fbde8-251e-4c26-b653-0db30813b08e}" />
	<object class="MixerBusFader" id="{00529133-b575-4b26-8855-1d58b34cb709}" />
	<object class="MixerBusFader" id="{e7b96f30-7e4b-432d-8e0d-622aecd867c3}" />
</objects>
