<?xml version="1.0" encoding="UTF-8"?>
<objects serializationModel="Studio.02.02.00">
	<object class="Event" id="{eecd5660-4c3a-47ac-a3aa-64e98087068c}">
		<property name="name">
			<value>Passos Relva</value>
		</property>
		<property name="outputFormat">
			<value>2</value>
		</property>
		<relationship name="folder">
			<destination>{52db3500-f462-4870-8008-211a608dea9d}</destination>
		</relationship>
		<relationship name="mixer">
			<destination>{431716e3-c0c8-4531-9f5a-dafcd35f162d}</destination>
		</relationship>
		<relationship name="masterTrack">
			<destination>{62698f5e-c21e-45d5-b453-fa42960246f7}</destination>
		</relationship>
		<relationship name="mixerInput">
			<destination>{fae20b7a-5ba0-4286-9ccb-8c309980aab4}</destination>
		</relationship>
		<relationship name="automatableProperties">
			<destination>{b8e7d8a6-6980-43a6-b8f8-79e320cbb30e}</destination>
		</relationship>
		<relationship name="markerTracks">
			<destination>{3a1b6824-6bd6-4e74-b6e0-fb78d4bce55c}</destination>
		</relationship>
		<relationship name="groupTracks">
			<destination>{b230a630-00bf-4b0b-8d49-ccec8c4f2843}</destination>
		</relationship>
		<relationship name="timeline">
			<destination>{ac9c1c5d-47a6-4562-a9ae-7b2de1602b56}</destination>
		</relationship>
		<relationship name="banks">
			<destination>{a37e26a0-eb25-4d38-a595-10e1765176b1}</destination>
		</relationship>
	</object>
	<object class="EventMixer" id="{431716e3-c0c8-4531-9f5a-dafcd35f162d}">
		<relationship name="masterBus">
			<destination>{9dd9660b-dc2d-4b54-bc98-54af8340fa05}</destination>
		</relationship>
	</object>
	<object class="MasterTrack" id="{62698f5e-c21e-45d5-b453-fa42960246f7}">
		<relationship name="mixerGroup">
			<destination>{9dd9660b-dc2d-4b54-bc98-54af8340fa05}</destination>
		</relationship>
	</object>
	<object class="MixerInput" id="{fae20b7a-5ba0-4286-9ccb-8c309980aab4}">
		<relationship name="effectChain">
			<destination>{ed854887-6ace-4a1c-9c67-28533b8dd60f}</destination>
		</relationship>
		<relationship name="panner">
			<destination>{c9284247-bb02-49d9-9fa1-63bad61c21df}</destination>
		</relationship>
		<relationship name="output">
			<destination>{1be980f5-8cdb-4b57-b7c7-fb3a902639a7}</destination>
		</relationship>
	</object>
	<object class="EventAutomatableProperties" id="{b8e7d8a6-6980-43a6-b8f8-79e320cbb30e}" />
	<object class="MarkerTrack" id="{3a1b6824-6bd6-4e74-b6e0-fb78d4bce55c}" />
	<object class="GroupTrack" id="{b230a630-00bf-4b0b-8d49-ccec8c4f2843}">
		<relationship name="modules">
			<destination>{9cd23807-03a9-4b65-ab64-a83b302dddea}</destination>
		</relationship>
		<relationship name="mixerGroup">
			<destination>{436f0ad7-703e-4ee0-8fa4-04e7943c269b}</destination>
		</relationship>
	</object>
	<object class="Timeline" id="{ac9c1c5d-47a6-4562-a9ae-7b2de1602b56}">
		<relationship name="modules">
			<destination>{9cd23807-03a9-4b65-ab64-a83b302dddea}</destination>
		</relationship>
	</object>
	<object class="EventMixerMaster" id="{9dd9660b-dc2d-4b54-bc98-54af8340fa05}">
		<relationship name="effectChain">
			<destination>{24282750-3332-457a-a16c-d6cb458a2894}</destination>
		</relationship>
		<relationship name="panner">
			<destination>{68bae36d-c7fb-42c0-b8e4-8e8a77cf7a1c}</destination>
		</relationship>
		<relationship name="mixer">
			<destination>{431716e3-c0c8-4531-9f5a-dafcd35f162d}</destination>
		</relationship>
	</object>
	<object class="MixerBusEffectChain" id="{ed854887-6ace-4a1c-9c67-28533b8dd60f}">
		<relationship name="effects">
			<destination>{e836d893-ccc5-42c2-8beb-ebc4739ddf0b}</destination>
		</relationship>
	</object>
	<object class="MixerBusPanner" id="{c9284247-bb02-49d9-9fa1-63bad61c21df}" />
	<object class="MultiSound" id="{9cd23807-03a9-4b65-ab64-a83b302dddea}">
		<property name="length">
			<value>1.5</value>
		</property>
		<property name="volume">
			<value>-7.5</value>
		</property>
		<property name="looping">
			<value>true</value>
		</property>
		<property name="playlistMode">
			<value>1</value>
		</property>
		<relationship name="sounds">
			<destination>{071761f9-a51b-4f6f-8dea-672c5aebc963}</destination>
			<destination>{835ab4df-0ddb-4705-8792-4208aa5d4f0c}</destination>
			<destination>{696cd159-f6ee-4cab-8d75-ae3b17037d16}</destination>
			<destination>{51217c59-f055-476b-b4c1-d9ec56e2f38c}</destination>
		</relationship>
	</object>
	<object class="EventMixerGroup" id="{436f0ad7-703e-4ee0-8fa4-04e7943c269b}">
		<property name="name">
			<value>Passos Relva</value>
		</property>
		<relationship name="effectChain">
			<destination>{92ddfce5-a127-49ee-839d-340d42b734fe}</destination>
		</relationship>
		<relationship name="panner">
			<destination>{65a93e42-3cd5-4b6d-8743-903e85abb209}</destination>
		</relationship>
		<relationship name="output">
			<destination>{9dd9660b-dc2d-4b54-bc98-54af8340fa05}</destination>
		</relationship>
	</object>
	<object class="MixerBusEffectChain" id="{24282750-3332-457a-a16c-d6cb458a2894}">
		<relationship name="effects">
			<destination>{e5d8ec0e-1fd1-4428-95d5-a2c6a5ceb81c}</destination>
			<destination>{b9d48090-8083-4150-beeb-901bf47b1b49}</destination>
		</relationship>
	</object>
	<object class="MixerBusPanner" id="{68bae36d-c7fb-42c0-b8e4-8e8a77cf7a1c}" />
	<object class="MixerBusFader" id="{e836d893-ccc5-42c2-8beb-ebc4739ddf0b}" />
	<object class="SingleSound" id="{071761f9-a51b-4f6f-8dea-672c5aebc963}">
		<relationship name="audioFile">
			<destination>{b152db15-7da0-4571-aede-faee99bb6540}</destination>
		</relationship>
	</object>
	<object class="SingleSound" id="{835ab4df-0ddb-4705-8792-4208aa5d4f0c}">
		<relationship name="audioFile">
			<destination>{f4169c08-4c24-4c5a-849e-d47b928e059e}</destination>
		</relationship>
	</object>
	<object class="SingleSound" id="{696cd159-f6ee-4cab-8d75-ae3b17037d16}">
		<relationship name="audioFile">
			<destination>{88fb5451-76b6-44b2-bb53-5ed13fa6d93b}</destination>
		</relationship>
	</object>
	<object class="SingleSound" id="{51217c59-f055-476b-b4c1-d9ec56e2f38c}">
		<relationship name="audioFile">
			<destination>{807a765e-ffb4-43eb-b092-2200539f2fb4}</destination>
		</relationship>
	</object>
	<object class="MixerBusEffectChain" id="{92ddfce5-a127-49ee-839d-340d42b734fe}">
		<relationship name="effects">
			<destination>{6028d028-fdcb-4f1c-96c2-efd7f9d1adb2}</destination>
		</relationship>
	</object>
	<object class="MixerBusPanner" id="{65a93e42-3cd5-4b6d-8743-903e85abb209}" />
	<object class="MixerBusFader" id="{e5d8ec0e-1fd1-4428-95d5-a2c6a5ceb81c}" />
	<object class="SpatialiserEffect" id="{b9d48090-8083-4150-beeb-901bf47b1b49}" />
	<object class="MixerBusFader" id="{6028d028-fdcb-4f1c-96c2-efd7f9d1adb2}" />
</objects>
