<?xml version="1.0" encoding="UTF-8"?>
<objects serializationModel="Studio.02.02.00">
	<object class="Event" id="{f68663ab-68f0-417b-9d3d-0473331d82b8}">
		<property name="name">
			<value>Picada</value>
		</property>
		<property name="outputFormat">
			<value>2</value>
		</property>
		<relationship name="folder">
			<destination>{52db3500-f462-4870-8008-211a608dea9d}</destination>
		</relationship>
		<relationship name="mixer">
			<destination>{37fe9dc3-c9db-4354-921e-5b3f228f0e8d}</destination>
		</relationship>
		<relationship name="masterTrack">
			<destination>{14184e74-2f8a-4a11-b7d3-dcc9df56aee5}</destination>
		</relationship>
		<relationship name="mixerInput">
			<destination>{06680236-8087-49ca-99ef-da054705bb8c}</destination>
		</relationship>
		<relationship name="automatableProperties">
			<destination>{ac13d2be-cd6c-423d-b382-6addfb0b49fb}</destination>
		</relationship>
		<relationship name="markerTracks">
			<destination>{f34b46c0-12db-4444-addf-4ea6c4053c5a}</destination>
		</relationship>
		<relationship name="groupTracks">
			<destination>{55755cd1-97c6-4349-a166-9cc203b4fc07}</destination>
		</relationship>
		<relationship name="timeline">
			<destination>{fe90b4d7-14f7-4f9a-bf99-777d0096678e}</destination>
		</relationship>
		<relationship name="banks">
			<destination>{a37e26a0-eb25-4d38-a595-10e1765176b1}</destination>
		</relationship>
	</object>
	<object class="EventMixer" id="{37fe9dc3-c9db-4354-921e-5b3f228f0e8d}">
		<relationship name="masterBus">
			<destination>{c60d0d6d-247e-471f-9038-0fbb076a5105}</destination>
		</relationship>
	</object>
	<object class="MasterTrack" id="{14184e74-2f8a-4a11-b7d3-dcc9df56aee5}">
		<relationship name="mixerGroup">
			<destination>{c60d0d6d-247e-471f-9038-0fbb076a5105}</destination>
		</relationship>
	</object>
	<object class="MixerInput" id="{06680236-8087-49ca-99ef-da054705bb8c}">
		<relationship name="effectChain">
			<destination>{b7d5130b-ba3f-4292-a28e-91f36ecdb665}</destination>
		</relationship>
		<relationship name="panner">
			<destination>{31532e59-7019-4b25-be87-596bfdaa29fa}</destination>
		</relationship>
		<relationship name="output">
			<destination>{1be980f5-8cdb-4b57-b7c7-fb3a902639a7}</destination>
		</relationship>
	</object>
	<object class="EventAutomatableProperties" id="{ac13d2be-cd6c-423d-b382-6addfb0b49fb}" />
	<object class="MarkerTrack" id="{f34b46c0-12db-4444-addf-4ea6c4053c5a}" />
	<object class="GroupTrack" id="{55755cd1-97c6-4349-a166-9cc203b4fc07}">
		<relationship name="modules">
			<destination>{e1708190-b9e2-466a-b709-7598efd0b391}</destination>
		</relationship>
		<relationship name="mixerGroup">
			<destination>{f3e3979c-6b57-40b1-9de6-e602a6ee95aa}</destination>
		</relationship>
	</object>
	<object class="Timeline" id="{fe90b4d7-14f7-4f9a-bf99-777d0096678e}">
		<relationship name="modules">
			<destination>{e1708190-b9e2-466a-b709-7598efd0b391}</destination>
		</relationship>
		<relationship name="markers">
			<destination>{53b556c7-7f0e-43c8-be8c-4376e6350d4d}</destination>
		</relationship>
	</object>
	<object class="EventMixerMaster" id="{c60d0d6d-247e-471f-9038-0fbb076a5105}">
		<relationship name="effectChain">
			<destination>{80f91ea4-1057-4cc5-ac6f-a7977a8fb3ba}</destination>
		</relationship>
		<relationship name="panner">
			<destination>{c5292776-4296-45ca-8b7e-21593d344772}</destination>
		</relationship>
		<relationship name="mixer">
			<destination>{37fe9dc3-c9db-4354-921e-5b3f228f0e8d}</destination>
		</relationship>
	</object>
	<object class="MixerBusEffectChain" id="{b7d5130b-ba3f-4292-a28e-91f36ecdb665}">
		<relationship name="effects">
			<destination>{c3a49660-43a5-4eb3-b7e8-ee6b5ac3d17b}</destination>
		</relationship>
	</object>
	<object class="MixerBusPanner" id="{31532e59-7019-4b25-be87-596bfdaa29fa}" />
	<object class="MultiSound" id="{e1708190-b9e2-466a-b709-7598efd0b391}">
		<property name="length">
			<value>0.5</value>
		</property>
		<property name="volume">
			<value>-14</value>
		</property>
		<property name="playlistMode">
			<value>1</value>
		</property>
		<relationship name="sounds">
			<destination>{000ddbe0-a41f-48b1-8495-7b48d4d3835f}</destination>
			<destination>{d2df1a56-ddfc-4a02-b400-48939ee61cb1}</destination>
			<destination>{095d618b-d95d-47ed-a276-f7d9f4503dbb}</destination>
			<destination>{618856e6-99d0-4fbe-8a0e-34880941da38}</destination>
			<destination>{f5b9318a-e440-41b9-b50a-8eded2886a9c}</destination>
		</relationship>
	</object>
	<object class="EventMixerGroup" id="{f3e3979c-6b57-40b1-9de6-e602a6ee95aa}">
		<property name="name">
			<value>Audio 1</value>
		</property>
		<relationship name="effectChain">
			<destination>{19a158df-f051-4fe7-a390-8d2954d8ad3f}</destination>
		</relationship>
		<relationship name="panner">
			<destination>{4ab69da3-a77e-496f-8ad3-0bc439adf711}</destination>
		</relationship>
		<relationship name="output">
			<destination>{c60d0d6d-247e-471f-9038-0fbb076a5105}</destination>
		</relationship>
	</object>
	<object class="LoopRegion" id="{53b556c7-7f0e-43c8-be8c-4376e6350d4d}">
		<property name="position">
			<value>0</value>
		</property>
		<property name="length">
			<value>0.5</value>
		</property>
		<relationship name="timeline">
			<destination>{fe90b4d7-14f7-4f9a-bf99-777d0096678e}</destination>
		</relationship>
		<relationship name="markerTrack">
			<destination>{f34b46c0-12db-4444-addf-4ea6c4053c5a}</destination>
		</relationship>
	</object>
	<object class="MixerBusEffectChain" id="{80f91ea4-1057-4cc5-ac6f-a7977a8fb3ba}">
		<relationship name="effects">
			<destination>{b0580163-3508-4557-b301-9a2d4c5ae39b}</destination>
			<destination>{3eb317d4-d64c-4f5a-85cc-b029bfbeefcd}</destination>
		</relationship>
	</object>
	<object class="MixerBusPanner" id="{c5292776-4296-45ca-8b7e-21593d344772}" />
	<object class="MixerBusFader" id="{c3a49660-43a5-4eb3-b7e8-ee6b5ac3d17b}" />
	<object class="SingleSound" id="{000ddbe0-a41f-48b1-8495-7b48d4d3835f}">
		<relationship name="audioFile">
			<destination>{fc7ba8bb-d202-4079-9812-02120510be00}</destination>
		</relationship>
	</object>
	<object class="SingleSound" id="{d2df1a56-ddfc-4a02-b400-48939ee61cb1}">
		<relationship name="audioFile">
			<destination>{305b26b0-18d2-4ef2-82d4-1f61e32bb3e1}</destination>
		</relationship>
	</object>
	<object class="SingleSound" id="{095d618b-d95d-47ed-a276-f7d9f4503dbb}">
		<relationship name="audioFile">
			<destination>{8f6fea83-9e1a-42b5-9d09-8440cf6c21a7}</destination>
		</relationship>
	</object>
	<object class="SingleSound" id="{618856e6-99d0-4fbe-8a0e-34880941da38}">
		<relationship name="audioFile">
			<destination>{7ef036de-5df6-4297-9487-92abc487b607}</destination>
		</relationship>
	</object>
	<object class="SingleSound" id="{f5b9318a-e440-41b9-b50a-8eded2886a9c}">
		<relationship name="audioFile">
			<destination>{812ba110-de3a-476c-89be-317c4cef591d}</destination>
		</relationship>
	</object>
	<object class="MixerBusEffectChain" id="{19a158df-f051-4fe7-a390-8d2954d8ad3f}">
		<relationship name="effects">
			<destination>{86c690ad-65dc-4601-aa44-acb80a6f40ab}</destination>
		</relationship>
	</object>
	<object class="MixerBusPanner" id="{4ab69da3-a77e-496f-8ad3-0bc439adf711}" />
	<object class="MixerBusFader" id="{b0580163-3508-4557-b301-9a2d4c5ae39b}" />
	<object class="SpatialiserEffect" id="{3eb317d4-d64c-4f5a-85cc-b029bfbeefcd}" />
	<object class="MixerBusFader" id="{86c690ad-65dc-4601-aa44-acb80a6f40ab}" />
</objects>
