<?xml version="1.0" encoding="UTF-8"?>
<objects serializationModel="Studio.02.02.00">
	<object class="Event" id="{fdd754d6-65a4-4b1e-8930-c90b385a165a}">
		<property name="name">
			<value>Voar</value>
		</property>
		<property name="outputFormat">
			<value>2</value>
		</property>
		<relationship name="folder">
			<destination>{52db3500-f462-4870-8008-211a608dea9d}</destination>
		</relationship>
		<relationship name="mixer">
			<destination>{529c1820-7db5-446e-b311-183d56edb3dc}</destination>
		</relationship>
		<relationship name="masterTrack">
			<destination>{d9eba15b-7fbd-41b2-b4ae-6220e0107e16}</destination>
		</relationship>
		<relationship name="mixerInput">
			<destination>{6ab988b0-cb1c-419f-a26b-ab606c81e1d9}</destination>
		</relationship>
		<relationship name="automatableProperties">
			<destination>{5a6d87ed-ff4c-46e5-8355-f90ee25707c6}</destination>
		</relationship>
		<relationship name="markerTracks">
			<destination>{bf53c632-99f1-46f6-8be5-41fd4b0d91f5}</destination>
		</relationship>
		<relationship name="groupTracks">
			<destination>{2bdd404a-f472-4a47-9f51-03f94a484e5e}</destination>
		</relationship>
		<relationship name="timeline">
			<destination>{30ec6806-d339-4055-ac8f-3af2ece01c30}</destination>
		</relationship>
		<relationship name="banks">
			<destination>{a37e26a0-eb25-4d38-a595-10e1765176b1}</destination>
		</relationship>
	</object>
	<object class="EventMixer" id="{529c1820-7db5-446e-b311-183d56edb3dc}">
		<relationship name="masterBus">
			<destination>{0c037ddb-21d4-4013-95f4-482b1aaca06a}</destination>
		</relationship>
	</object>
	<object class="MasterTrack" id="{d9eba15b-7fbd-41b2-b4ae-6220e0107e16}">
		<relationship name="mixerGroup">
			<destination>{0c037ddb-21d4-4013-95f4-482b1aaca06a}</destination>
		</relationship>
	</object>
	<object class="MixerInput" id="{6ab988b0-cb1c-419f-a26b-ab606c81e1d9}">
		<relationship name="effectChain">
			<destination>{3bfeca60-0116-4eee-bd1b-96573d939c45}</destination>
		</relationship>
		<relationship name="panner">
			<destination>{da026f64-bd2b-4a17-be80-0698081dd6a8}</destination>
		</relationship>
		<relationship name="output">
			<destination>{1be980f5-8cdb-4b57-b7c7-fb3a902639a7}</destination>
		</relationship>
	</object>
	<object class="EventAutomatableProperties" id="{5a6d87ed-ff4c-46e5-8355-f90ee25707c6}" />
	<object class="MarkerTrack" id="{bf53c632-99f1-46f6-8be5-41fd4b0d91f5}" />
	<object class="GroupTrack" id="{2bdd404a-f472-4a47-9f51-03f94a484e5e}">
		<relationship name="modules">
			<destination>{42f59f18-4aa8-47de-a90b-ce28ffcd5b4b}</destination>
		</relationship>
		<relationship name="mixerGroup">
			<destination>{9cb63d02-8e8b-4c0c-8ad6-54bf86d0bb9b}</destination>
		</relationship>
	</object>
	<object class="Timeline" id="{30ec6806-d339-4055-ac8f-3af2ece01c30}">
		<relationship name="modules">
			<destination>{42f59f18-4aa8-47de-a90b-ce28ffcd5b4b}</destination>
		</relationship>
		<relationship name="markers">
			<destination>{fed9ec62-b5bd-4791-8cf9-1c947aae6913}</destination>
		</relationship>
	</object>
	<object class="EventMixerMaster" id="{0c037ddb-21d4-4013-95f4-482b1aaca06a}">
		<relationship name="effectChain">
			<destination>{152fad9a-bc99-433f-bc8d-d375cd414c99}</destination>
		</relationship>
		<relationship name="panner">
			<destination>{871da7c1-2197-417c-89a4-4b967d3b7f38}</destination>
		</relationship>
		<relationship name="mixer">
			<destination>{529c1820-7db5-446e-b311-183d56edb3dc}</destination>
		</relationship>
	</object>
	<object class="MixerBusEffectChain" id="{3bfeca60-0116-4eee-bd1b-96573d939c45}">
		<relationship name="effects">
			<destination>{182a99e0-74d5-4ac7-ac6f-059d1dbe65c4}</destination>
		</relationship>
	</object>
	<object class="MixerBusPanner" id="{da026f64-bd2b-4a17-be80-0698081dd6a8}" />
	<object class="SingleSound" id="{42f59f18-4aa8-47de-a90b-ce28ffcd5b4b}">
		<property name="length">
			<value>2.2462131519274378</value>
		</property>
		<property name="volume">
			<value>-6.5</value>
		</property>
		<relationship name="audioFile">
			<destination>{56a6247d-fd6b-4b61-bb14-ee1ed41dd2dc}</destination>
		</relationship>
	</object>
	<object class="EventMixerGroup" id="{9cb63d02-8e8b-4c0c-8ad6-54bf86d0bb9b}">
		<property name="name">
			<value>Asas do Pássaro</value>
		</property>
		<relationship name="effectChain">
			<destination>{997fa757-a9e0-4916-a4f0-2e057b00f2a8}</destination>
		</relationship>
		<relationship name="panner">
			<destination>{5828c219-6d03-4df8-be58-d9ddc9ac1858}</destination>
		</relationship>
		<relationship name="output">
			<destination>{0c037ddb-21d4-4013-95f4-482b1aaca06a}</destination>
		</relationship>
	</object>
	<object class="LoopRegion" id="{fed9ec62-b5bd-4791-8cf9-1c947aae6913}">
		<property name="position">
			<value>0.5</value>
		</property>
		<property name="length">
			<value>1.7462131519274378</value>
		</property>
		<relationship name="timeline">
			<destination>{30ec6806-d339-4055-ac8f-3af2ece01c30}</destination>
		</relationship>
		<relationship name="markerTrack">
			<destination>{bf53c632-99f1-46f6-8be5-41fd4b0d91f5}</destination>
		</relationship>
	</object>
	<object class="MixerBusEffectChain" id="{152fad9a-bc99-433f-bc8d-d375cd414c99}">
		<relationship name="effects">
			<destination>{72631af4-0014-4c46-be61-2e1fcfb79f81}</destination>
			<destination>{f97ea412-ad21-471f-aa9d-fda458ef8e78}</destination>
		</relationship>
	</object>
	<object class="MixerBusPanner" id="{871da7c1-2197-417c-89a4-4b967d3b7f38}" />
	<object class="MixerBusFader" id="{182a99e0-74d5-4ac7-ac6f-059d1dbe65c4}" />
	<object class="MixerBusEffectChain" id="{997fa757-a9e0-4916-a4f0-2e057b00f2a8}">
		<relationship name="effects">
			<destination>{1a812a56-2961-46bd-a11b-043f4b3a01bc}</destination>
		</relationship>
	</object>
	<object class="MixerBusPanner" id="{5828c219-6d03-4df8-be58-d9ddc9ac1858}" />
	<object class="MixerBusFader" id="{72631af4-0014-4c46-be61-2e1fcfb79f81}" />
	<object class="SpatialiserEffect" id="{f97ea412-ad21-471f-aa9d-fda458ef8e78}" />
	<object class="MixerBusFader" id="{1a812a56-2961-46bd-a11b-043f4b3a01bc}" />
</objects>
