<?xml version="1.0" encoding="UTF-8"?>
<objects serializationModel="Studio.02.02.00">
	<object class="AudioFile" id="{3cb0ee74-130c-496b-9d1a-11177528b070}">
		<property name="assetPath">
			<value>SFX/+ SFX/Punch Sound Effects.9.wav</value>
		</property>
		<property name="frequencyInKHz">
			<value>44.0999985</value>
		</property>
		<property name="channelCount">
			<value>2</value>
		</property>
		<property name="length">
			<value>0.62498866213151927</value>
		</property>
		<relationship name="masterAssetFolder">
			<destination>{32ed6c20-0a06-45e1-9d18-e6425e2eb693}</destination>
		</relationship>
	</object>
</objects>
