<?xml version="1.0" encoding="UTF-8"?>
<objects serializationModel="Studio.02.02.00">
	<object class="AudioFile" id="{7f6a2db3-33ac-44ff-8447-7ef71a4e37f3}">
		<property name="assetPath">
			<value>SFX/+ SFX/Porco Espinho/Som do salto/Som Voz Salto Passaro 3.wav</value>
		</property>
		<property name="frequencyInKHz">
			<value>44.0999985</value>
		</property>
		<property name="channelCount">
			<value>1</value>
		</property>
		<property name="length">
			<value>0.25</value>
		</property>
		<relationship name="masterAssetFolder">
			<destination>{32ed6c20-0a06-45e1-9d18-e6425e2eb693}</destination>
		</relationship>
	</object>
</objects>
