<?xml version="1.0" encoding="UTF-8"?>
<objects serializationModel="Studio.02.02.00">
	<object class="AudioFile" id="{c6ae4a6e-031f-4605-83ef-f5bd7a8c3a86}">
		<property name="assetPath">
			<value>Músicas Fim/Morte.wav</value>
		</property>
		<property name="isStreaming">
			<value>true</value>
		</property>
		<property name="frequencyInKHz">
			<value>44.0999985</value>
		</property>
		<property name="channelCount">
			<value>2</value>
		</property>
		<property name="length">
			<value>22</value>
		</property>
		<relationship name="masterAssetFolder">
			<destination>{32ed6c20-0a06-45e1-9d18-e6425e2eb693}</destination>
		</relationship>
	</object>
</objects>
