<?xml version="1.0" encoding="UTF-8"?>
<objects serializationModel="Studio.02.02.00">
	<object class="AudioFile" id="{c760922a-8517-4556-96e0-c86be8c8a401}">
		<property name="assetPath">
			<value>SFX/+ SFX/Porco Espinho/Som do salto/Som Voz Salto Passaro 2.wav</value>
		</property>
		<property name="frequencyInKHz">
			<value>44.0999985</value>
		</property>
		<property name="channelCount">
			<value>1</value>
		</property>
		<property name="length">
			<value>0.37498866213151927</value>
		</property>
		<relationship name="masterAssetFolder">
			<destination>{32ed6c20-0a06-45e1-9d18-e6425e2eb693}</destination>
		</relationship>
	</object>
</objects>
