<?xml version="1.0" encoding="UTF-8"?>
<objects serializationModel="Studio.02.02.00">
	<object class="AudioFile" id="{ccb35593-aa15-4af8-8431-e8fd3782f161}">
		<property name="assetPath">
			<value>SFX/FINAIS SFX/Tesouro.wav</value>
		</property>
		<property name="frequencyInKHz">
			<value>44.0999985</value>
		</property>
		<property name="channelCount">
			<value>2</value>
		</property>
		<property name="length">
			<value>2</value>
		</property>
		<relationship name="masterAssetFolder">
			<destination>{32ed6c20-0a06-45e1-9d18-e6425e2eb693}</destination>
		</relationship>
	</object>
</objects>
