<?xml version="1.0" encoding="UTF-8"?>
<objects serializationModel="Studio.02.02.00">
	<object class="MixerReturn" id="{071eb102-9e49-41ae-9c55-6fbb0043e046}">
		<property name="overridingInputFormat">
			<value>2</value>
		</property>
		<property name="name">
			<value>Reverb</value>
		</property>
		<relationship name="effectChain">
			<destination>{a86725ef-7496-4435-918c-5076fc5fcce2}</destination>
		</relationship>
		<relationship name="panner">
			<destination>{23eee415-9f08-4039-ab75-7946c479da70}</destination>
		</relationship>
		<relationship name="output">
			<destination>{1be980f5-8cdb-4b57-b7c7-fb3a902639a7}</destination>
		</relationship>
	</object>
	<object class="MixerBusEffectChain" id="{a86725ef-7496-4435-918c-5076fc5fcce2}">
		<relationship name="effects">
			<destination>{ca2f35a1-b070-46d3-9803-373fdac9f56d}</destination>
			<destination>{42b0df99-3ab1-4237-941a-baf3af33ef63}</destination>
		</relationship>
	</object>
	<object class="MixerBusPanner" id="{23eee415-9f08-4039-ab75-7946c479da70}" />
	<object class="SFXReverbEffect" id="{ca2f35a1-b070-46d3-9803-373fdac9f56d}">
		<property name="wetLevel">
			<value>0</value>
		</property>
		<property name="dryLevel">
			<value>-80</value>
		</property>
	</object>
	<object class="MixerBusFader" id="{42b0df99-3ab1-4237-941a-baf3af33ef63}" />
</objects>
