<?xml version="1.0" encoding="UTF-8"?>
<objects serializationModel="Studio.02.02.00">
	<object class="Workspace" id="{d4e74c99-33da-4bcb-a7f0-05b745e841e4}">
		<relationship name="projectSettings">
			<destination>{9826abb1-29d9-4cf6-9d53-35212e5d7bfd}</destination>
		</relationship>
	</object>
	<object class="ProjectSettings" id="{9826abb1-29d9-4cf6-9d53-35212e5d7bfd}">
		<relationship name="activePlatform">
			<destination>{268203b7-3036-422a-a723-2ba394bd1195}</destination>
		</relationship>
	</object>
</objects>
